Country Name,Year,GDP per capita
Aruba,2001,20669.03197
Afghanistan,2001,
Angola,2001,527.3335285
Albania,2001,1281.659393
United Arab Emirates,2001,31280.78428
Argentina,2001,7208.371567
Armenia,2001,694.4232277
Antigua and Barbuda,2001,10370.67113
Australia,2001,19490.86111
Austria,2001,24537.51426
Azerbaijan,2001,703.6838434
Burundi,2001,134.3634475
Belgium,2001,23121.60114
Benin,2001,378.736054
Burkina Faso,2001,235.4912324
Bangladesh,2001,415.0344266
Bulgaria,2001,1757.44378
Bahrain,2001,12868.28479
Bahamas,2001,27486.23677
Bosnia and Herzegovina,2001,1530.814816
Belarus,2001,1244.373185
Belize,2001,3418.216676
Bolivia (Plurinational State of),2001,948.8712066
Brazil,2001,3156.798718
Barbados,2001,11437.24771
Botswana,2001,3278.00825
Central African Rep.,2001,250.3570114
Canada,2001,23738.18072
Switzerland,2001,38538.99005
Chile,2001,4574.594421
China,2001,1053.108243
Cote d'Ivoire,2001,664.1276599
Cameroon,2001,651.1009075
Dem. Rep. of the Congo,2001,153.5910092
Congo,2001,868.3399509
Colombia,2001,2439.681789
Costa Rica,2001,3944.737613
Caribbean small states,2001,5369.77712
Cuba,2001,2837.738018
Curacao,2001,
Cayman Islands,2001,
Cyprus,2001,14821.44552
Czech Rep.,2001,6609.20553
Germany,2001,23687.31689
Djibouti,2001,780.9082226
Dominica,2001,4883.723663
Denmark,2001,30751.65435
Dominican Rep.,2001,2977.148428
Algeria,2001,1740.606649
Ecuador,2001,1894.615169
Egypt,2001,1391.707846
Eritrea,2001,316.82382
Spain,2001,15323.6114
Estonia,2001,4498.957027
Ethiopia,2001,120.765782
Finland,2001,24913.24452
Fiji,2001,2039.625697
France,2001,22433.55571
Micronesia,2001,2239.854254
Gabon,2001,3989.556606
United Kingdom,2001,27500.14578
Georgia,2001,801.9904139
Ghana,2001,269.0149984
Guinea,2001,336.6300919
Gambia,2001,505.4201497
Guinea-Bissau,2001,319.6774918
Greece,2001,12538.17883
Grenada,2001,5040.670468
Guatemala,2001,1568.376309
Guyana,2001,955.6653806
"China, Hong Kong SAR",2001,25230.21633
Honduras,2001,1120.553339
Croatia,2001,5416.65355
Haiti,2001,417.762646
Hungary,2001,5283.034459
Indonesia,2001,748.2576157
India,2001,451.5730119
Ireland,2001,28227.72753
Iran (Islamic Rep. of),2001,1909.412278
Iraq,2001,
Iceland,2001,28793.9599
Israel,2001,20293.73071
Italy,2001,20400.81111
Jamaica,2001,3431.416469
Jordan,2001,1720.358789
Japan,2001,33846.46564
Kazakhstan,2001,1490.92709
Kenya,2001,395.3295318
Kyrgyzstan,2001,308.4087767
Cambodia,2001,321.1503013
Saint Kitts and Nevis,2001,10660.41194
Rep. of Korea,2001,11252.90755
Kuwait,2001,16588.72787
Lao People's Dem. Rep.,2001,326.9419076
Lebanon,2001,4422.387076
Liberia,2001,306.7103554
Libya,2001,6266.490972
Saint Lucia,2001,5047.027828
Liechtenstein,2001,74267.48649
Sri Lanka,2001,832.8034402
Lesotho,2001,405.6053137
Lithuania,2001,3530.147337
Luxembourg,2001,48179.42085
Latvia,2001,3572.80513
"China, Macao SAR",2001,15552.95038
Morocco,2001,1339.293577
Monaco,2001,82273.63617
Rep. of Moldova,2001,407.7348445
Madagascar,2001,278.5557032
Mexico,2001,7544.568648
The former Yugoslav Republic of Macedonia,2001,1815.920091
Mali,2001,307.4369205
Malta,2001,11021.78636
Myanmar,2001,137.1683267
Montenegro,2001,1909.598702
Mongolia,2001,524.0553079
Mozambique,2001,261.6045465
Mauritania,2001,479.4032891
Mauritius,2001,3856.625228
Malawi,2001,150.1489558
Malaysia,2001,3913.428726
Namibia,2001,1906.292604
Niger,2001,165.5405619
Nigeria,2001,590.381815
Nicaragua,2001,1034.551588
Netherlands,2001,26873.27593
Norway,2001,38549.58934
Nepal,2001,246.725629
Nauru,2001,
New Zealand,2001,13882.85683
Oman,2001,8475.964136
Pakistan,2001,495.3454616
Panama,2001,4046.419981
Peru,2001,1941.475632
Philippines,2001,957.1899393
Palau,2001,8017.641597
Papua New Guinea,2001,515.6846078
Poland,2001,4981.192232
Portugal,2001,11729.14616
Paraguay,2001,1565.053712
Qatar,2001,28517.26721
Romania,2001,1825.179805
Russian Federation,2001,2100.358253
Rwanda,2001,212.5172008
Saudi Arabia,2001,8684.647401
Sudan,2001,383.0159987
Senegal,2001,615.2684717
Singapore,2001,21700.02005
Solomon Islands,2001,944.6140341
Sierra Leone,2001,229.3755148
El Salvador,2001,2072.299842
Somalia,2001,
Serbia and Kosovo (S/RES/1244 (1999)),2001,1634.875061
South Sudan,2001,
Suriname,2001,1750.558371
Slovakia,2001,5708.082659
Slovenia,2001,10479.29634
Sweden,2001,27010.44724
Swaziland,2001,1521.767574
Sint Maarten (Dutch part),2001,
Seychelles,2001,7663.13708
Syrian Arab Rep.,2001,1258.447322
Turks and Caicos Islands,2001,16629.34223
Chad,2001,196.9736976
Togo,2001,292.5673576
Thailand,2001,1893.26831
Tajikistan,2001,171.0479834
Turkmenistan,2001,774.4828307
Timor-Leste,2001,574.4567556
Tonga,2001,1840.291495
Trinidad and Tobago,2001,6939.801184
Tunisia,2001,2253.04471
Turkey,2001,3119.56579
United Rep. of Tanzania,2001,406.5386686
Uganda,2001,239.4731859
Ukraine,2001,779.9771307
Uruguay,2001,6284.4559
United States of America,2001,37133.24281
Uzbekistan,2001,456.7062895
Saint Vincent and the Grenadines,2001,3985.683402
Venezuela (Bolivarian Republic of),2001,4986.675586
British Virgin Islands,2001,
Vanuatu,2001,1363.113016
Samoa,2001,1557.01718
Kosovo,2001,1490.361033
Yemen,2001,550.3602417
South Africa,2001,2666.480846
Zambia,2001,382.9411785
Zimbabwe,2001,568.3859092
Aruba,2002,20436.88713
Afghanistan,2002,179.4264945
Angola,2002,872.4944916
Albania,2002,1425.124849
United Arab Emirates,2002,31567.47371
Argentina,2002,2593.40415
Armenia,2002,783.2406986
Antigua and Barbuda,2002,10404.43621
Australia,2002,20082.48327
Austria,2002,26401.74546
Azerbaijan,2002,763.080638
Burundi,2002,123.117628
Belgium,2002,25052.33939
Benin,2002,418.6985763
Burkina Faso,2002,260.7635413
Bangladesh,2002,413.0802546
Bulgaria,2002,2076.830682
Bahrain,2002,13102.37021
Bahamas,2002,28866.80101
Bosnia and Herzegovina,2002,1769.199828
Belarus,2002,1479.314583
Belize,2002,3554.230347
Bolivia (Plurinational State of),2002,904.2266273
Brazil,2002,2829.283192
Barbados,2002,11592.20993
Botswana,2002,3190.615453
Central African Rep.,2002,260.7455273
Canada,2002,24169.28473
Switzerland,2002,41376.39399
Chile,2002,4446.250505
China,2002,1148.50829
Cote d'Ivoire,2002,716.5302619
Cameroon,2002,707.8875674
Dem. Rep. of the Congo,2002,175.0099651
Congo,2002,912.2781532
Colombia,2002,2396.627303
Costa Rica,2002,4024.6519
Caribbean small states,2002,5595.471015
Cuba,2002,2999.245244
Curacao,2002,
Cayman Islands,2002,
Cyprus,2002,16093.21868
Czech Rep.,2002,8032.896612
Germany,2002,25205.16445
Djibouti,2002,791.3894782
Dominica,2002,4771.040927
Denmark,2002,33228.69354
Dominican Rep.,2002,3136.155187
Algeria,2002,1781.826864
Ecuador,2002,2172.101877
Egypt,2002,1228.937975
Eritrea,2002,293.9557909
Spain,2002,17019.53541
Estonia,2002,5308.347781
Ethiopia,2002,111.9272235
Finland,2002,26834.02625
Fiji,2002,2260.258398
France,2002,24177.33517
Micronesia,2002,2256.782211
Gabon,2002,4121.958645
United Kingdom,2002,29863.58907
Georgia,2002,853.5279011
Ghana,2002,304.5645608
Guinea,2002,343.5373419
Gambia,2002,411.7724804
Guinea-Bissau,2002,331.4938718
Greece,2002,14110.31339
Grenada,2002,5213.896269
Guatemala,2002,1701.771491
Guyana,2002,974.9491933
"China, Hong Kong SAR",2002,24665.89
Honduras,2002,1122.063575
Croatia,2002,6245.319417
Haiti,2002,396.6338208
Hungary,2002,6665.961242
Indonesia,2002,900.1775757
India,2002,470.9867972
Ireland,2002,32541.0986
Iran (Islamic Rep. of),2002,1911.678792
Iraq,2002,
Iceland,2002,32326.63774
Israel,2002,18423.50267
Italy,2002,22196.50675
Jamaica,2002,3599.973172
Jordan,2002,1802.057775
Japan,2002,32289.35054
Kazakhstan,2002,1658.030785
Kenya,2002,389.542711
Kyrgyzstan,2002,321.7266063
Cambodia,2002,338.9872627
Saint Kitts and Nevis,2002,11011.37931
Rep. of Korea,2002,12782.52553
Kuwait,2002,17846.32606
Lao People's Dem. Rep.,2002,320.0615179
Lebanon,2002,4579.459593
Liberia,2002,306.473737
Libya,2002,3703.048308
Saint Lucia,2002,5050.875503
Liechtenstein,2002,79359.80467
Sri Lanka,2002,867.4912137
Lesotho,2002,382.1901735
Lithuania,2002,4146.987928
Luxembourg,2002,52930.64115
Latvia,2002,4132.349207
"China, Macao SAR",2002,16315.36363
Morocco,2002,1416.488158
Monaco,2002,88576.50619
Rep. of Moldova,2002,458.6778168
Madagascar,2002,262.2859481
Mexico,2002,7593.137793
The former Yugoslav Republic of Macedonia,2002,1961.203736
Mali,2002,334.8365206
Malta,2002,11843.93902
Myanmar,2002,142.0822652
Montenegro,2002,2106.635068
Mongolia,2002,571.5926395
Mozambique,2002,268.144817
Mauritania,2002,476.7384484
Mauritius,2002,4018.948897
Malawi,2002,298.4333849
Malaysia,2002,4165.715233
Namibia,2002,1769.17591
Niger,2002,178.0545148
Nigeria,2002,741.7475112
Nicaragua,2002,1000.935948
Netherlands,2002,29204.03983
Norway,2002,43061.15038
Nepal,2002,244.7208237
Nauru,2002,
New Zealand,2002,16874.18749
Oman,2002,8626.984097
Pakistan,2002,483.4969271
Panama,2002,4126.241558
Peru,2002,2021.23974
Philippines,2002,999.9059505
Palau,2002,8247.222081
Papua New Guinea,2002,491.8343081
Poland,2002,5196.939332
Portugal,2002,12882.28897
Paraguay,2002,1300.851426
Qatar,2002,30214.85901
Romania,2002,2119.882673
Russian Federation,2002,2377.536957
Rwanda,2002,207.5829531
Saudi Arabia,2002,8695.400072
Sudan,2002,418.2518413
Senegal,2002,656.6227077
Singapore,2002,22159.68886
Solomon Islands,2002,784.6498272
Sierra Leone,2002,252.3962103
El Salvador,2002,2124.102889
Somalia,2002,
Serbia and Kosovo (S/RES/1244 (1999)),2002,2149.909404
South Sudan,2002,
Suriname,2002,2267.721066
Slovakia,2002,6524.861878
Slovenia,2002,11814.09994
Sweden,2002,29618.68777
Swaziland,2002,1405.44181
Sint Maarten (Dutch part),2002,
Seychelles,2002,8331.261997
Syrian Arab Rep.,2002,1263.255122
Turks and Caicos Islands,2002,15784.60356
Chad,2002,220.3759764
Togo,2002,326.8556001
Thailand,2002,2096.187999
Tajikistan,2002,190.0025003
Turkmenistan,2002,967.8901647
Timor-Leste,2002,553.463055
Tonga,2002,1845.418595
Trinidad and Tobago,2002,7053.070804
Tunisia,2002,2344.413533
Turkey,2002,3659.939869
United Rep. of Tanzania,2002,411.9723458
Uganda,2002,245.5000794
Ukraine,2002,878.6182021
Uruguay,2002,4090.899267
United States of America,2002,38023.16111
Uzbekistan,2002,383.343068
Saint Vincent and the Grenadines,2002,4272.860898
Venezuela (Bolivarian Republic of),2002,3700.879593
British Virgin Islands,2002,
Vanuatu,2002,1354.186169
Samoa,2002,1633.035432
Kosovo,2002,1413.532587
Yemen,2002,579.8529205
South Africa,2002,2502.265926
Zambia,2002,382.2421724
Zimbabwe,2002,530.5305794
Aruba,2003,20833.76161
Afghanistan,2003,190.6840088
Angola,2003,982.9608993
Albania,2003,1846.118813
United Arab Emirates,2003,33499.09375
Argentina,2003,3349.806124
Armenia,2003,930.1273219
Antigua and Barbuda,2003,10789.95096
Australia,2003,23447.031
Austria,2003,32222.89724
Azerbaijan,2003,883.6439965
Burundi,2003,113.5673664
Belgium,2003,30743.90254
Benin,2003,519.2922847
Burkina Faso,2003,332.3443051
Bangladesh,2003,446.3106592
Bulgaria,2003,2698.624248
Bahrain,2003,14222.04738
Bahamas,2003,28327.27087
Bosnia and Herzegovina,2003,2224.745864
Belarus,2003,1819.766059
Belize,2003,3675.880301
Bolivia (Plurinational State of),2003,907.5371101
Brazil,2003,3070.910491
Barbados,2003,11937.67338
Botswana,2003,4330.9449
Central African Rep.,2003,293.6618517
Canada,2003,28200.65808
Switzerland,2003,48087.58314
Chile,2003,4772.56282
China,2003,1288.643252
Cote d'Ivoire,2003,869.7125786
Cameroon,2003,865.9581375
Dem. Rep. of the Congo,2003,173.7961353
Congo,2003,1026.107674
Colombia,2003,2281.401927
Costa Rica,2003,4129.632791
Caribbean small states,2003,5938.819011
Cuba,2003,3197.133754
Curacao,2003,
Cayman Islands,2003,
Cyprus,2003,20252.24214
Czech Rep.,2003,9773.117503
Germany,2003,30359.95215
Djibouti,2003,818.8666298
Dominica,2003,4897.44175
Denmark,2003,40458.7774
Dominican Rep.,2003,2445.435893
Algeria,2003,2103.381467
Ecuador,2003,2425.851842
Egypt,2003,1138.664673
Eritrea,2003,334.5854429
Spain,2003,21495.70741
Estonia,2003,7174.237415
Ethiopia,2003,119.490391
Finland,2003,32816.16088
Fiji,2003,2837.892246
France,2003,29568.38595
Micronesia,2003,2294.435038
Gabon,2003,4922.376526
United Kingdom,2003,34265.1276
Georgia,2003,1010.00798
Ghana,2003,367.8215216
Guinea,2003,393.7399293
Gambia,2003,335.906217
Guinea-Bissau,2003,371.2198274
Greece,2003,18477.57841
Grenada,2003,5682.5961
Guatemala,2003,1753.349471
Guyana,2003,997.2100346
"China, Hong Kong SAR",2003,23977.01945
Honduras,2003,1145.499193
Croatia,2003,8055.788163
Haiti,2003,332.6147785
Hungary,2003,8423.350987
Indonesia,2003,1065.648539
India,2003,546.7266276
Ireland,2003,41106.92527
Iran (Islamic Rep. of),2003,2253.936132
Iraq,2003,
Iceland,2003,39423.92732
Israel,2003,18955.83302
Italy,2003,27387.22632
Jamaica,2003,3469.151565
Jordan,2003,1876.26141
Japan,2003,34808.39092
Kazakhstan,2003,2068.124118
Kenya,2003,429.7878437
Kyrgyzstan,2003,380.5073398
Cambodia,2003,362.3357077
Saint Kitts and Nevis,2003,10631.40714
Rep. of Korea,2003,14209.38852
Kuwait,2003,22148.06767
Lao People's Dem. Rep.,2003,362.8214135
Lebanon,2003,4576.390746
Liberia,2003,243.0893405
Libya,2003,4673.143913
Saint Lucia,2003,5502.487593
Liechtenstein,2003,89851.97716
Sri Lanka,2003,982.1956459
Lesotho,2003,573.6537676
Lithuania,2003,5505.535669
Luxembourg,2003,65445.88503
Latvia,2003,5134.905694
"China, Macao SAR",2003,17808.90151
Morocco,2003,1725.458038
Monaco,2003,108259.4931
Rep. of Moldova,2003,548.2896867
Madagascar,2003,316.7998965
Mexico,2003,7075.369643
The former Yugoslav Republic of Macedonia,2003,2408.80011
Mali,2003,392.524759
Malta,2003,13689.98999
Myanmar,2003,217.3904189
Montenegro,2003,2789.159065
Mongolia,2003,646.1932563
Mozambique,2003,289.5524752
Mauritania,2003,547.0752161
Mauritius,2003,4793.718178
Malawi,2003,267.3990565
Malaysia,2003,4461.847687
Namibia,2003,2560.774036
Niger,2003,215.9566573
Nigeria,2003,795.3862467
Nicaragua,2003,1005.732473
Netherlands,2003,35672.2066
Norway,2003,50111.65445
Nepal,2003,252.4024323
Nauru,2003,
New Zealand,2003,21913.70817
Oman,2003,9066.347498
Pakistan,2003,543.7518258
Panama,2003,4267.303325
Peru,2003,2145.643183
Philippines,2003,1010.309637
Palau,2003,7711.939018
Papua New Guinea,2003,568.2464399
Poland,2003,5693.377763
Portugal,2003,15772.7334
Paraguay,2003,1365.416418
Qatar,2003,34517.75509
Romania,2003,2679.41191
Russian Federation,2003,2975.132778
Rwanda,2003,224.7324184
Saudi Arabia,2003,9609.966975
Sudan,2003,484.8447351
Senegal,2003,823.7211451
Singapore,2003,23730.15245
Solomon Islands,2003,744.3525546
Sierra Leone,2003,266.4471103
El Salvador,2003,2209.496508
Somalia,2003,
Serbia and Kosovo (S/RES/1244 (1999)),2003,2832.490652
South Sudan,2003,
Suriname,2003,2611.356086
Slovakia,2003,8696.913242
Slovenia,2003,14880.47154
Sweden,2003,37008.59614
Swaziland,2003,2148.619871
Sint Maarten (Dutch part),2003,
Seychelles,2003,8524.961236
Syrian Arab Rep.,2003,1253.395146
Turks and Caicos Islands,2003,16382.93711
Chad,2003,291.9448516
Togo,2003,396.0300441
Thailand,2003,2359.116494
Tajikistan,2003,237.7574442
Turkmenistan,2003,1283.911263
Timor-Leste,2003,573.657502
Tonga,2003,2033.790901
Trinidad and Tobago,2003,8807.900379
Tunisia,2003,2760.414314
Turkey,2003,4718.199807
United Rep. of Tanzania,2003,431.2796931
Uganda,2003,243.9015264
Ukraine,2003,1047.502769
Uruguay,2003,3624.198052
United States of America,2003,39496.48588
Uzbekistan,2003,396.377979
Saint Vincent and the Grenadines,2003,4447.743813
Venezuela (Bolivarian Republic of),2003,3272.615024
British Virgin Islands,2003,
Vanuatu,2003,1580.542444
Samoa,2003,1909.122171
Kosovo,2003,1638.104739
Yemen,2003,620.3827587
South Africa,2003,3751.258432
Zambia,2003,435.4580833
Zimbabwe,2003,478.007405
Aruba,2004,22569.97499
Afghanistan,2004,211.3819695
Angola,2004,1255.564045
Albania,2004,2373.579844
United Arab Emirates,2004,36333.24984
Argentina,2004,4277.721351
Armenia,2004,1191.91902
Antigua and Barbuda,2004,11446.63847
Australia,2004,30430.67644
Austria,2004,36821.52147
Azerbaijan,2004,1045.009379
Burundi,2004,128.3366128
Belgium,2004,35589.68912
Benin,2004,583.4093514
Burkina Faso,2004,371.3230865
Bangladesh,2004,475.2919198
Bulgaria,2004,3363.799644
Bahrain,2004,15846.55279
Bahamas,2004,28395.92466
Bosnia and Herzegovina,2004,2814.999895
Belarus,2004,2378.623286
Belize,2004,3825.78733
Bolivia (Plurinational State of),2004,967.406992
Brazil,2004,3637.462389
Barbados,2004,12766.27047
Botswana,2004,5073.53765
Central African Rep.,2004,320.7374603
Canada,2004,32034.30774
Switzerland,2004,53340.14766
Chile,2004,6194.853107
China,2004,1508.668098
Cote d'Ivoire,2004,921.2012511
Cameroon,2004,1009.94312
Dem. Rep. of the Congo,2004,194.0399624
Congo,2004,1324.219142
Colombia,2004,2782.623053
Costa Rica,2004,4385.390719
Caribbean small states,2004,6453.992364
Cuba,2004,3395.71205
Curacao,2004,
Cayman Islands,2004,
Cyprus,2004,23792.61793
Czech Rep.,2004,11685.88724
Germany,2004,34165.93403
Djibouti,2004,863.2316123
Dominica,2004,5217.230416
Denmark,2004,46511.59833
Dominican Rep.,2004,2528.577199
Algeria,2004,2609.952692
Ecuador,2004,2691.278081
Egypt,2004,1063.003663
Eritrea,2004,407.7699765
Spain,2004,24918.64584
Estonia,2004,8850.465115
Ethiopia,2004,136.4662556
Finland,2004,37636.11173
Fiji,2004,3334.931667
France,2004,33741.26515
Micronesia,2004,2251.78898
Gabon,2004,5729.296958
United Kingdom,2004,40068.31145
Georgia,2004,1305.047486
Ghana,2004,417.5081649
Guinea,2004,410.7612161
Gambia,2004,386.7527625
Guinea-Bissau,2004,404.3491366
Greece,2004,21955.10409
Grenada,2004,5741.598633
Guatemala,2004,1872.737083
Guyana,2004,1056.423886
"China, Hong Kong SAR",2004,24928.10037
Honduras,2004,1204.47989
Croatia,2004,9646.289588
Haiti,2004,391.0346157
Hungary,2004,10296.33979
Indonesia,2004,1150.261315
India,2004,627.7742623
Ireland,2004,47631.01066
Iran (Islamic Rep. of),2004,2756.198742
Iraq,2004,1391.963489
Iceland,2004,47367.28186
Israel,2004,19876.91614
Italy,2004,31174.56109
Jamaica,2004,3725.109093
Jordan,2004,2044.962623
Japan,2004,37688.72234
Kazakhstan,2004,2874.288291
Kenya,2004,451.6687159
Kyrgyzstan,2004,433.2349766
Cambodia,2004,408.5138263
Saint Kitts and Nevis,2004,11424.97322
Rep. of Korea,2004,15907.66583
Kuwait,2004,27012.19027
Lao People's Dem. Rep.,2004,417.9285042
Lebanon,2004,4627.657988
Liberia,2004,286.0649989
Libya,2004,5800.597969
Saint Lucia,2004,5897.546642
Liechtenstein,2004,100265.9551
Sri Lanka,2004,1065.784437
Lesotho,2004,753.3807868
Lithuania,2004,6706.966998
Luxembourg,2004,75716.35108
Latvia,2004,6351.080125
"China, Macao SAR",2004,22446.33637
Morocco,2004,1952.90183
Monaco,2004,122691.6374
Rep. of Moldova,2004,720.9409321
Madagascar,2004,245.1235876
Mexico,2004,7484.486542
The former Yugoslav Republic of Macedonia,2004,2762.560358
Mali,2004,440.1684418
Malta,2004,15109.05497
Myanmar,2004,217.5942826
Montenegro,2004,3380.165121
Mongolia,2004,797.9786853
Mozambique,2004,343.1250389
Mauritania,2004,623.7804242
Mauritius,2004,5388.065784
Malawi,2004,282.5670846
Malaysia,2004,4952.223422
Namibia,2004,3396.911932
Niger,2004,232.5855765
Nigeria,2004,1007.874328
Nicaragua,2004,1080.268112
Netherlands,2004,40362.39478
Norway,2004,57570.26916
Nepal,2004,286.1575938
Nauru,2004,
New Zealand,2004,25420.23488
Oman,2004,10126.1161
Pakistan,2004,625.3978597
Panama,2004,4592.152614
Peru,2004,2417.035501
Philippines,2004,1078.628944
Palau,2004,8263.109679
Papua New Guinea,2004,618.0368977
Poland,2004,6681.178818
Portugal,2004,18045.5881
Paraguay,2004,1679.497171
Qatar,2004,42124.82901
Romania,2004,3494.944517
Russian Federation,2004,4102.372294
Rwanda,2004,250.5175049
Saudi Arabia,2004,11185.13337
Sudan,2004,573.3069261
Senegal,2004,940.5516918
Singapore,2004,27608.53737
Solomon Islands,2004,818.0588673
Sierra Leone,2004,266.5695675
El Salvador,2004,2278.431843
Somalia,2004,
Serbia and Kosovo (S/RES/1244 (1999)),2004,3331.228995
South Sudan,2004,
Suriname,2004,3006.189322
Slovakia,2004,10654.79371
Slovenia,2004,17260.90151
Sweden,2004,42491.96886
Swaziland,2004,2699.133372
Sint Maarten (Dutch part),2004,
Seychelles,2004,10176.65871
Syrian Arab Rep.,2004,1407.178424
Turks and Caicos Islands,2004,18187.22135
Chad,2004,453.5218172
Togo,2004,412.589392
Thailand,2004,2660.122791
Tajikistan,2004,311.6273248
Turkmenistan,2004,1453.916238
Timor-Leste,2004,1109.560136
Tonga,2004,2288.593015
Trinidad and Tobago,2004,10293.80541
Tunisia,2004,3111.382703
Turkey,2004,6040.607698
United Rep. of Tanzania,2004,459.2592825
Uganda,2004,296.0469361
Ukraine,2004,1366.017225
Uruguay,2004,4120.556611
United States of America,2004,41712.80107
Uzbekistan,2004,465.1198869
Saint Vincent and the Grenadines,2004,4810.298503
Venezuela (Bolivarian Republic of),2004,4325.696756
British Virgin Islands,2004,
Vanuatu,2004,1788.087167
Samoa,2004,2353.548219
Kosovo,2004,2086.537325
Yemen,2004,709.9653061
South Africa,2004,4833.633129
Zambia,2004,538.5915064
Zimbabwe,2004,482.9984113
Aruba,2005,23300.03956
Afghanistan,2005,242.0313792
Angola,2005,1902.422346
Albania,2005,2673.787283
United Arab Emirates,2005,39365.33592
Argentina,2005,5109.851325
Armenia,2005,1643.753029
Antigua and Barbuda,2005,12547.61304
Australia,2005,33999.24286
Austria,2005,38403.13388
Azerbaijan,2005,1578.40239
Burundi,2005,151.6814634
Belgium,2005,36967.25918
Benin,2005,601.799977
Burkina Faso,2005,406.9988071
Bangladesh,2005,499.4619402
Bulgaria,2005,3869.529455
Bahrain,2005,17959.25933
Bahamas,2005,30278.36692
Bosnia and Herzegovina,2005,2980.602109
Belarus,2005,3125.810535
Belize,2005,3926.013742
Bolivia (Plurinational State of),2005,1034.31124
Brazil,2005,4790.437088
Barbados,2005,14104.14623
Botswana,2005,5520.12472
Central African Rep.,2005,331.1629242
Canada,2005,36266.18712
Switzerland,2005,54952.67372
Chile,2005,7598.525121
China,2005,1753.417829
Cote d'Ivoire,2005,930.8297425
Cameroon,2005,1011.880073
Dem. Rep. of the Congo,2005,218.3861908
Congo,2005,1680.204588
Colombia,2005,3404.190199
Costa Rica,2005,4654.824822
Caribbean small states,2005,7249.137311
Cuba,2005,3786.664793
Curacao,2005,
Cayman Islands,2005,47014.32449
Cyprus,2005,24959.26591
Czech Rep.,2005,13346.17639
Germany,2005,34696.62092
Djibouti,2005,904.7297489
Dominica,2005,5160.224314
Denmark,2005,48799.8256
Dominican Rep.,2005,3970.32284
Algeria,2005,3113.094651
Ecuador,2005,3002.136867
Egypt,2005,1187.51969
Eritrea,2005,388.5951226
Spain,2005,26510.71745
Estonia,2005,10338.31322
Ethiopia,2005,162.4327265
Finland,2005,38969.17163
Fiji,2005,3659.579329
France,2005,34760.18777
Micronesia,2005,2357.031537
Gabon,2005,6888.627147
United Kingdom,2005,41803.89138
Georgia,2005,1642.775074
Ghana,2005,491.9463779
Guinea,2005,322.4156816
Gambia,2005,404.3251037
Guinea-Bissau,2005,436.3020197
Greece,2005,22551.73574
Grenada,2005,6644.02496
Guatemala,2005,2077.83438
Guyana,2005,1105.496454
"China, Hong Kong SAR",2005,26649.7508
Honduras,2005,1296.694822
Croatia,2005,10521.03386
Haiti,2005,468.7572696
Hungary,2005,11205.97134
Indonesia,2005,1263.287321
India,2005,714.8610803
Ireland,2005,50878.22361
Iran (Islamic Rep. of),2005,3246.051029
Iraq,2005,1855.522004
Iceland,2005,56658.58959
Israel,2005,20549.67114
Italy,2005,31959.26295
Jamaica,2005,4089.198442
Jordan,2005,2183.396157
Japan,2005,37217.64873
Kazakhstan,2005,3771.278957
Kenya,2005,511.6164222
Kyrgyzstan,2005,476.55213
Cambodia,2005,474.1112278
Saint Kitts and Nevis,2005,12329.66118
Rep. of Korea,2005,18639.52221
Kuwait,2005,35590.70407
Lao People's Dem. Rep.,2005,475.6107135
Lebanon,2005,4573.536073
Liberia,2005,294.8930368
Libya,2005,8163.010778
Saint Lucia,2005,6216.823627
Liechtenstein,2005,105414.442
Sri Lanka,2005,1248.698185
Lesotho,2005,842.8130532
Lithuania,2005,7863.162009
Luxembourg,2005,80289.69641
Latvia,2005,7558.742006
"China, Macao SAR",2005,25043.01895
Morocco,2005,2018.025743
Monaco,2005,124193.6056
Rep. of Moldova,2005,831.2052862
Madagascar,2005,274.8197023
Mexico,2005,8277.671251
The former Yugoslav Republic of Macedonia,2005,3037.75311
Mali,2005,488.8281374
Malta,2005,15835.34667
Myanmar,2005,244.8823499
Montenegro,2005,3674.617924
Mongolia,2005,998.8313648
Mozambique,2005,376.8846717
Mauritania,2005,722.3230795
Mauritius,2005,5282.906022
Malawi,2005,289.5551689
Malaysia,2005,5587.02565
Namibia,2005,3674.002201
Niger,2005,249.9279298
Nigeria,2005,1268.383443
Nicaragua,2005,1162.290113
Netherlands,2005,41979.05585
Norway,2005,66775.3944
Nepal,2005,315.80563
Nauru,2005,
New Zealand,2005,27751.06547
Oman,2005,12377.06807
Pakistan,2005,683.0902351
Panama,2005,4916.914994
Peru,2005,2729.498682
Philippines,2005,1193.977291
Palau,2005,9336.095243
Papua New Guinea,2005,749.1863962
Poland,2005,8021.003655
Portugal,2005,18784.9485
Paraguay,2005,1843.633791
Qatar,2005,51455.59419
Romania,2005,4617.929016
Russian Federation,2005,5323.473877
Rwanda,2005,303.7407156
Saudi Arabia,2005,13791.44629
Sudan,2005,689.209557
Senegal,2005,993.9320411
Singapore,2005,29961.26328
Solomon Islands,2005,880.8129914
Sierra Leone,2005,292.3493252
El Salvador,2005,2428.569512
Somalia,2005,
Serbia and Kosovo (S/RES/1244 (1999)),2005,3720.479155
South Sudan,2005,
Suriname,2005,3590.626616
Slovakia,2005,11669.41975
Slovenia,2005,18169.18091
Sweden,2005,43134.71673
Swaziland,2005,3083.826171
Sint Maarten (Dutch part),2005,
Seychelles,2005,11092.51074
Syrian Arab Rep.,2005,1571.738407
Turks and Caicos Islands,2005,20533.91625
Chad,2005,658.3049578
Togo,2005,406.4009505
Thailand,2005,2894.061896
Tajikistan,2005,340.5830327
Turkmenistan,2005,1704.417531
Timor-Leste,2005,1822.574955
Tonga,2005,2598.2472
Trinidad and Tobago,2005,12327.23317
Tunisia,2005,3193.206569
Turkey,2005,7384.251628
United Rep. of Tanzania,2005,492.6313793
Uganda,2005,325.5903736
Ukraine,2005,1826.932206
Uruguay,2005,5226.937806
United States of America,2005,44114.74778
Uzbekistan,2005,546.7768502
Saint Vincent and the Grenadines,2005,5070.512702
Venezuela (Bolivarian Republic of),2005,5504.976824
British Virgin Islands,2005,
Vanuatu,2005,1887.226576
Samoa,2005,2574.176629
Kosovo,2005,2147.464271
Yemen,2005,832.8444886
South Africa,2005,5383.632556
Zambia,2005,702.7409406
Zimbabwe,2005,476.5553236
Aruba,2006,24045.27248
Afghanistan,2006,263.7337347
Angola,2006,2599.566464
Albania,2006,2972.743265
United Arab Emirates,2006,41907.40566
Argentina,2006,5919.012037
Armenia,2006,2158.143697
Antigua and Barbuda,2006,13989.71567
Australia,2006,36044.92281
Austria,2006,40635.28182
Azerbaijan,2006,2473.081819
Burundi,2006,167.3764845
Belgium,2006,38852.37293
Benin,2006,625.8300158
Burkina Faso,2006,420.5825537
Bangladesh,2006,509.6401429
Bulgaria,2006,4490.201777
Bahrain,2006,19307.91491
Bahamas,2006,30713.70528
Bosnia and Herzegovina,2006,3416.510596
Belarus,2006,3847.434124
Belize,2006,4178.925373
Bolivia (Plurinational State of),2006,1218.874459
Brazil,2006,5886.463588
Barbados,2006,15051.69798
Botswana,2006,5516.03921
Central African Rep.,2006,354.6713801
Canada,2006,40385.86996
Switzerland,2006,57579.50195
Chile,2006,9464.550243
China,2006,2099.229435
Cote d'Ivoire,2006,949.1318153
Cameroon,2006,1062.137433
Dem. Rep. of the Congo,2006,255.4330838
Congo,2006,2064.344523
Colombia,2006,3731.168489
Costa Rica,2006,5201.514095
Caribbean small states,2006,8038.465554
Cuba,2006,4683.566155
Curacao,2006,
Cayman Islands,2006,83322.78429
Cyprus,2006,26729.32675
Czech Rep.,2006,15183.63605
Germany,2006,36447.87232
Djibouti,2006,967.6686229
Dominica,2006,5518.399108
Denmark,2006,52026.99951
Dominican Rep.,2006,4134.683785
Algeria,2006,3478.710436
Ecuador,2006,3328.882972
Egypt,2006,1398.190624
Eritrea,2006,415.0365994
Spain,2006,28482.60948
Estonia,2006,12595.41065
Ethiopia,2006,194.6874305
Finland,2006,41120.67651
Fiji,2006,3747.860716
France,2006,36443.62344
Micronesia,2006,2404.573365
Gabon,2006,7214.914544
United Kingdom,2006,44326.9146
Georgia,2006,1996.057129
Ghana,2006,911.9986756
Guinea,2006,453.4035185
Gambia,2006,411.6196713
Guinea-Bissau,2006,429.6222659
Greece,2006,24801.15781
Grenada,2006,6658.540847
Guatemala,2006,2256.56505
Guyana,2006,1954.133308
"China, Hong Kong SAR",2006,28224.21506
Honduras,2006,1420.133633
Croatia,2006,11691.62276
Haiti,2006,508.9688066
Hungary,2006,11447.81687
Indonesia,2006,1589.801489
India,2006,806.7532837
Ireland,2006,54306.42932
Iran (Islamic Rep. of),2006,3774.357841
Iraq,2006,2373.214785
Iceland,2006,56673.59304
Israel,2006,21830.04136
Italy,2006,33410.74744
Jamaica,2006,4321.043327
Jordan,2006,2513.031668
Japan,2006,35433.98896
Kazakhstan,2006,5291.57565
Kenya,2006,685.9545322
Kyrgyzstan,2006,543.1107024
Cambodia,2006,539.7501687
Saint Kitts and Nevis,2006,13883.42353
Rep. of Korea,2006,20888.38015
Kuwait,2006,42782.09235
Lao People's Dem. Rep.,2006,590.6327074
Lebanon,2006,4632.312707
Liberia,2006,336.1156743
Libya,2006,9336.35667
Saint Lucia,2006,6860.323872
Liechtenstein,2006,114390.5997
Sri Lanka,2006,1435.817177
Lesotho,2006,904.6034022
Lithuania,2006,9240.642548
Luxembourg,2006,89739.7117
Latvia,2006,9667.9757
"China, Macao SAR",2006,29950.77311
Morocco,2006,2196.01219
Monaco,2006,134044.7012
Rep. of Moldova,2006,950.6482044
Madagascar,2006,292.1507288
Mexico,2006,9068.294387
The former Yugoslav Republic of Macedonia,2006,3325.635809
Mali,2006,522.5783724
Malta,2006,16671.5672
Myanmar,2006,294.1631813
Montenegro,2006,4425.678873
Mongolia,2006,1334.211681
Mozambique,2006,394.3090679
Mauritania,2006,977.1235632
Mauritius,2006,5695.969327
Malawi,2006,308.1634757
Malaysia,2006,6209.114104
Namibia,2006,3974.522425
Niger,2006,257.8291528
Nigeria,2006,1656.424759
Nicaragua,2006,1226.688853
Netherlands,2006,44863.35063
Norway,2006,74114.69715
Nepal,2006,346.9452514
Nauru,2006,
New Zealand,2006,26671.32942
Oman,2006,14420.51706
Pakistan,2006,836.8605211
Panama,2006,5348.895292
Peru,2006,3154.331237
Philippines,2006,1390.517223
Palau,2006,9623.219038
Papua New Guinea,2006,1249.657689
Poland,2006,9038.730847
Portugal,2006,19821.44463
Paraguay,2006,2271.090038
Qatar,2006,59530.15354
Romania,2006,5757.496429
Russian Federation,2006,6920.194398
Rwanda,2006,344.5772458
Saudi Arabia,2006,15384.74015
Sudan,2006,905.3097449
Senegal,2006,1040.903994
Singapore,2006,33769.15416
Solomon Islands,2006,949.3376001
Sierra Leone,2006,323.3891849
El Salvador,2006,2631.820415
Somalia,2006,
Serbia and Kosovo (S/RES/1244 (1999)),2006,4382.617279
South Sudan,2006,
Suriname,2006,5197.93993
Slovakia,2006,13139.03218
Slovenia,2006,19726.1265
Sweden,2006,46312.48838
Swaziland,2006,3176.700366
Sint Maarten (Dutch part),2006,
Seychelles,2006,12014.39987
Syrian Arab Rep.,2006,1748.90568
Turks and Caicos Islands,2006,24561.65051
Chad,2006,709.7651951
Togo,2006,407.6946979
Thailand,2006,3369.547815
Tajikistan,2006,408.8385907
Turkmenistan,2006,2136.474322
Timor-Leste,2006,2614.875038
Tonga,2006,2892.039182
Trinidad and Tobago,2006,14102.49585
Tunisia,2006,3370.033926
Turkey,2006,8035.377338
United Rep. of Tanzania,2006,485.4974874
Uganda,2006,347.9903568
Ukraine,2006,2300.77148
Uruguay,2006,5887.848703
United States of America,2006,46298.73144
Uzbekistan,2006,654.2838373
Saint Vincent and the Grenadines,2006,5625.35139
Venezuela (Bolivarian Republic of),2006,6833.377894
British Virgin Islands,2006,
Vanuatu,2006,2049.618856
Samoa,2006,2811.338548
Kosovo,2006,2237.126598
Yemen,2006,921.4184439
South Africa,2006,5601.970369
Zambia,2006,1047.919187
Zimbabwe,2006,447.8549242
Aruba,2007,25835.13267
Afghanistan,2007,359.69348
Angola,2007,3121.995637
Albania,2007,3595.037163
United Arab Emirates,2007,41809.51638
Argentina,2007,7245.448317
Armenia,2007,3139.277499
Antigua and Barbuda,2007,15607.08987
Australia,2007,40960.05449
Austria,2007,46855.77175
Azerbaijan,2007,3851.437869
Burundi,2007,172.4958599
Belgium,2007,44403.7669
Benin,2007,706.0533749
Burkina Faso,2007,475.1100122
Bangladesh,2007,558.0518603
Bulgaria,2007,5885.949252
Bahrain,2007,20976.54353
Bahamas,2007,31472.09897
Bosnia and Herzegovina,2007,4193.373652
Belarus,2007,4735.657608
Belize,2007,4315.834964
Bolivia (Plurinational State of),2007,1372.628225
Brazil,2007,7348.030794
Barbados,2007,16764.44205
Botswana,2007,5832.733942
Central African Rep.,2007,404.373965
Canada,2007,44543.04104
Switzerland,2007,63555.2375
Chile,2007,10502.35452
China,2007,2693.969827
Cote d'Ivoire,2007,1061.154064
Cameroon,2007,1194.06985
Dem. Rep. of the Congo,2007,286.3304921
Congo,2007,2165.745759
Colombia,2007,4703.213157
Costa Rica,2007,6071.789243
Caribbean small states,2007,8913.062335
Cuba,2007,5208.716073
Curacao,2007,
Cayman Islands,2007,
Cyprus,2007,31244.92801
Czech Rep.,2007,18373.649
Germany,2007,41814.8191
Djibouti,2007,1052.725652
Dominica,2007,5952.056669
Denmark,2007,58487.05497
Dominican Rep.,2007,4729.664373
Algeria,2007,3950.513605
Ecuador,2007,3567.836438
Egypt,2007,1667.843721
Eritrea,2007,439.8326905
Spain,2007,32709.40104
Estonia,2007,16586.4052
Ethiopia,2007,244.2860372
Finland,2007,48288.5491
Fiji,2007,4072.10157
France,2007,41508.43399
Micronesia,2007,2456.322048
Gabon,2007,8447.078591
United Kingdom,2007,50293.44055
Georgia,2007,2635.353882
Ghana,2007,1078.160509
Guinea,2007,659.992723
Gambia,2007,487.1704917
Guinea-Bissau,2007,493.0704969
Greece,2007,28827.32636
Grenada,2007,7212.506822
Guatemala,2007,2489.948385
Guyana,2007,2331.200342
"China, Hong Kong SAR",2007,30594.01784
Honduras,2007,1572.064502
Croatia,2007,13948.69601
Haiti,2007,619.8127742
Hungary,2007,13907.50338
Indonesia,2007,1860.002763
India,2007,1028.334759
Ireland,2007,61359.74138
Iran (Islamic Rep. of),2007,4904.666252
Iraq,2007,3182.947982
Iceland,2007,69054.2708
Israel,2007,24894.27768
Italy,2007,37698.78665
Jamaica,2007,4633.944386
Jordan,2007,2735.38314
Japan,2007,35275.22843
Kazakhstan,2007,6771.414797
Kenya,2007,825.6665976
Kyrgyzstan,2007,721.7686908
Cambodia,2007,631.5248421
Saint Kitts and Nevis,2007,15152.13488
Rep. of Korea,2007,23060.70788
Kuwait,2007,45782.83864
Lao People's Dem. Rep.,2007,710.344815
Lebanon,2007,5217.471718
Liberia,2007,396.6017613
Libya,2007,11300.19134
Saint Lucia,2007,7632.043989
Liechtenstein,2007,130655.637
Sri Lanka,2007,1630.388906
Lesotho,2007,863.7796315
Lithuania,2007,12297.91535
Luxembourg,2007,106018.4928
Latvia,2007,14044.01589
"China, Macao SAR",2007,36352.91846
Morocco,2007,2499.259938
Monaco,2007,169961.3839
Rep. of Moldova,2007,1230.434685
Madagascar,2007,377.8481567
Mexico,2007,9642.680605
The former Yugoslav Republic of Macedonia,2007,4036.20277
Mali,2007,596.6901888
Malta,2007,19375.5696
Myanmar,2007,406.7286892
Montenegro,2007,5976.391922
Mongolia,2007,1632.726952
Mozambique,2007,432.1785512
Mauritania,2007,1048.162138
Mauritius,2007,6574.654338
Malawi,2007,332.2591444
Malaysia,2007,7243.455987
Namibia,2007,4356.244512
Niger,2007,292.2197341
Nigeria,2007,1883.461311
Nicaragua,2007,1327.96143
Netherlands,2007,51733.44213
Norway,2007,85170.86217
Nepal,2007,391.3801314
Nauru,2007,2076.768906
New Zealand,2007,32510.0827
Oman,2007,15838.46561
Pakistan,2007,908.0950906
Panama,2007,6166.180721
Peru,2007,3606.070435
Philippines,2007,1670.590155
Palau,2007,10080.05533
Papua New Guinea,2007,1401.931659
Poland,2007,11255.4367
Portugal,2007,22780.05845
Paraguay,2007,2976.825503
Qatar,2007,65421.75277
Romania,2007,8360.166321
Russian Federation,2007,9101.256706
Rwanda,2007,410.99572
Saudi Arabia,2007,16516.62362
Sudan,2007,1128.41035
Senegal,2007,1222.372918
Singapore,2007,39432.93835
Solomon Islands,2007,1048.650015
Sierra Leone,2007,360.3721418
El Salvador,2007,2786.157922
Somalia,2007,
Serbia and Kosovo (S/RES/1244 (1999)),2007,5848.476405
South Sudan,2007,
Suriname,2007,5744.424776
Slovakia,2007,16057.73314
Slovenia,2007,23841.31792
Sweden,2007,53387.94062
Swaziland,2007,3327.441943
Sint Maarten (Dutch part),2007,
Seychelles,2007,12154.82994
Syrian Arab Rep.,2007,2032.623489
Turks and Caicos Islands,2007,25456.30212
Chad,2007,798.5480013
Togo,2007,449.1442328
Thailand,2007,3973.019618
Tajikistan,2007,526.6429154
Turkmenistan,2007,2600.369292
Timor-Leste,2007,2779.875017
Tonga,2007,2925.91276
Trinidad and Tobago,2007,16539.87811
Tunisia,2007,3775.75001
Turkey,2007,9711.873594
United Rep. of Tanzania,2007,552.8395296
Uganda,2007,416.8986194
Ukraine,2007,3065.611623
Uruguay,2007,7026.511491
United States of America,2007,47975.96768
Uzbekistan,2007,830.4076942
Saint Vincent and the Grenadines,2007,6307.214096
Venezuela (Bolivarian Republic of),2007,8454.466743
British Virgin Islands,2007,
Vanuatu,2007,2398.612625
Samoa,2007,3026.546343
Kosovo,2007,2685.986222
Yemen,2007,1017.292001
South Africa,2007,6095.652721
Zambia,2007,1124.290586
Zimbabwe,2007,431.7871883
Aruba,2008,27084.70369
Afghanistan,2008,364.6604654
Angola,2008,4080.94141
Albania,2008,4370.539925
United Arab Emirates,2008,44498.93423
Argentina,2008,9020.873098
Armenia,2008,4010.857243
Antigua and Barbuda,2008,16024.34555
Australia,2008,49601.65671
Austria,2008,51708.76575
Azerbaijan,2008,5574.603802
Burundi,2008,198.3529006
Belgium,2008,48424.5756
Benin,2008,820.1508783
Burkina Faso,2008,569.7613172
Bangladesh,2008,634.9870565
Bulgaria,2008,7261.754492
Bahrain,2008,23066.5099
Bahamas,2008,30627.23863
Bosnia and Herzegovina,2008,5090.932345
Belarus,2008,6377.369732
Belize,2008,4460.634144
Bolivia (Plurinational State of),2008,1715.208922
Brazil,2008,8831.023117
Barbados,2008,17081.86579
Botswana,2008,5713.534983
Central African Rep.,2008,464.5614221
Canada,2008,46594.45095
Switzerland,2008,72487.84593
Chile,2008,10751.47967
China,2008,3468.304463
Cote d'Ivoire,2008,1235.613488
Cameroon,2008,1371.746708
Dem. Rep. of the Congo,2008,327.5637218
Congo,2008,2956.264407
Colombia,2008,5461.780726
Costa Rica,2008,6859.079202
Caribbean small states,2008,10046.08051
Cuba,2008,5411.271418
Curacao,2008,
Cayman Islands,2008,
Cyprus,2008,35391.04006
Czech Rep.,2008,22698.85396
Germany,2008,45699.19832
Djibouti,2008,1223.856861
Dominica,2008,6469.145738
Denmark,2008,64322.0635
Dominican Rep.,2008,5105.580925
Algeria,2008,4923.630818
Ecuador,2008,4249.019262
Egypt,2008,2044.527855
Eritrea,2008,450.6328403
Spain,2008,35579.30993
Estonia,2008,18094.54805
Ethiopia,2008,326.4368267
Finland,2008,53401.31487
Fiji,2008,4167.670285
France,2008,45334.11444
Micronesia,2008,2538.738495
Gabon,2008,10212.81943
United Kingdom,2008,46985.56797
Georgia,2008,3324.735879
Ghana,2008,1210.622257
Guinea,2008,715.0968204
Gambia,2008,571.7099709
Guinea-Bissau,2008,597.5763927
Greece,2008,31997.28201
Grenada,2008,7832.423352
Guatemala,2008,2794.213788
Guyana,2008,2566.887085
"China, Hong Kong SAR",2008,31515.66277
Honduras,2008,1727.829215
Croatia,2008,16357.17606
Haiti,2008,678.8447898
Hungary,2008,15739.73541
Indonesia,2008,2166.854167
India,2008,998.5222694
Ireland,2008,61262.10056
Iran (Islamic Rep. of),2008,5630.442995
Iraq,2008,4636.610978
Iceland,2008,56409.77346
Israel,2008,29548.06352
Italy,2008,40640.18386
Jamaica,2008,4917.718398
Jordan,2008,3388.803832
Japan,2008,39339.29757
Kazakhstan,2008,8513.564645
Kenya,2008,902.0700258
Kyrgyzstan,2008,966.3936272
Cambodia,2008,745.6091807
Saint Kitts and Nevis,2008,16465.05014
Rep. of Korea,2008,20430.63946
Kuwait,2008,55495.23113
Lao People's Dem. Rep.,2008,900.3236718
Lebanon,2008,6134.13043
Liberia,2008,478.3999379
Libya,2008,14382.57629
Saint Lucia,2008,7568.453414
Liechtenstein,2008,143255.9816
Sri Lanka,2008,2037.322103
Lesotho,2008,884.9626748
Lithuania,2008,14961.56818
Luxembourg,2008,114293.8433
Latvia,2008,16348.53121
"China, Macao SAR",2008,40597.55748
Morocco,2008,2890.360083
Monaco,2008,185721.7942
Rep. of Moldova,2008,1695.972811
Madagascar,2008,470.7331598
Mexico,2008,10016.5713
The former Yugoslav Republic of Macedonia,2008,4793.443669
Mali,2008,690.8824398
Malta,2008,21928.70067
Myanmar,2008,638.1490599
Montenegro,2008,7367.751909
Mongolia,2008,2136.563214
Mozambique,2008,516.0050958
Mauritania,2008,1222.923912
Mauritius,2008,8030.063005
Malawi,2008,387.6059753
Malaysia,2008,8474.575822
Namibia,2008,4153.247938
Niger,2008,352.7199749
Nigeria,2008,2242.871886
Nicaragua,2008,1499.262072
Netherlands,2008,57644.47997
Norway,2008,97007.94189
Nepal,2008,470.4555473
Nauru,2008,3972.594107
New Zealand,2008,31287.94365
Oman,2008,22139.64041
Pakistan,2008,990.8465996
Panama,2008,7154.274496
Peru,2008,4220.616969
Philippines,2008,1916.296708
Palau,2008,10524.98396
Papua New Guinea,2008,1672.927552
Poland,2008,14001.44688
Portugal,2008,24815.60884
Paraguay,2008,4041.583876
Qatar,2008,80234.47007
Romania,2008,10435.04398
Russian Federation,2008,11635.27424
Rwanda,2008,511.0549513
Saudi Arabia,2008,20078.25779
Sudan,2008,1304.533051
Senegal,2008,1411.929332
Singapore,2008,40007.46926
Solomon Islands,2008,1208.338618
Sierra Leone,2008,408.4807421
El Salvador,2008,2933.395056
Somalia,2008,
Serbia and Kosovo (S/RES/1244 (1999)),2008,7101.040141
South Sudan,2008,1779.815136
Suriname,2008,6831.956321
Slovakia,2008,18650.35912
Slovenia,2008,27501.81027
Sweden,2008,55814.01639
Swaziland,2008,3137.39623
Sint Maarten (Dutch part),2008,
Seychelles,2008,11122.86207
Syrian Arab Rep.,2008,
Turks and Caicos Islands,2008,27648.34402
Chad,2008,925.6360843
Togo,2008,544.1475234
Thailand,2008,4379.659877
Tajikistan,2008,715.8651105
Turkmenistan,2008,3904.463719
Timor-Leste,2008,4160.734435
Tonga,2008,3380.613351
Trinidad and Tobago,2008,21204.10497
Tunisia,2008,4307.155878
Turkey,2008,10854.17225
United Rep. of Tanzania,2008,687.3904455
Uganda,2008,467.9005703
Ukraine,2008,3887.241412
Uruguay,2008,9091.079039
United States of America,2008,48382.55845
Uzbekistan,2008,1082.286025
Saint Vincent and the Grenadines,2008,6415.809617
Venezuela (Bolivarian Republic of),2008,11432.74386
British Virgin Islands,2008,
Vanuatu,2008,2705.597658
Samoa,2008,3514.798344
Kosovo,2008,3254.820269
Yemen,2008,1229.246843
South Africa,2008,5760.789016
Zambia,2008,1394.000608
Zimbabwe,2008,356.6933497
Aruba,2009,24630.45371
Afghanistan,2009,438.0760344
Angola,2009,3122.780766
Albania,2009,4114.134899
United Arab Emirates,2009,32024.1816
Argentina,2009,8225.137176
Armenia,2009,2994.342544
Antigua and Barbuda,2009,14113.07726
Australia,2009,42772.35917
Austria,2009,47963.1794
Azerbaijan,2009,4950.294791
Burundi,2009,212.1368804
Belgium,2009,44880.57302
Benin,2009,793.4522526
Burkina Faso,2009,552.7455886
Bangladesh,2009,702.26441
Bulgaria,2009,6969.558557
Bahrain,2009,19355.90467
Bahamas,2009,28552.19048
Bosnia and Herzegovina,2009,4714.702495
Belarus,2009,5351.355382
Belize,2009,4243.433284
Bolivia (Plurinational State of),2009,1754.211061
Brazil,2009,8597.915352
Barbados,2009,15936.98418
Botswana,2009,5255.768461
Central African Rep.,2009,474.7054087
Canada,2009,40773.06153
Switzerland,2009,69927.46877
Chile,2009,10208.90676
China,2009,3832.235952
Cote d'Ivoire,2009,1210.29545
Cameroon,2009,1314.706015
Dem. Rep. of the Congo,2009,298.6196821
Congo,2009,2314.266025
Colombia,2009,5195.393376
Costa Rica,2009,6760.478026
Caribbean small states,2009,8400.749567
Cuba,2009,5529.67036
Curacao,2009,
Cayman Islands,2009,
Cyprus,2009,32105.86748
Czech Rep.,2009,19741.59763
Germany,2009,41732.70725
Djibouti,2009,1267.312801
Dominica,2009,6902.85717
Denmark,2009,58163.27688
Dominican Rep.,2009,5051.465369
Algeria,2009,3883.271127
Ecuador,2009,4231.615798
Egypt,2009,2329.23948
Eritrea,2009,595.1099872
Spain,2009,32334.00548
Estonia,2009,14726.31828
Ethiopia,2009,380.5690479
Finland,2009,47107.15571
Fiji,2009,3362.816555
France,2009,41575.41875
Micronesia,2009,2718.7832
Gabon,2009,7690.052235
United Kingdom,2009,38454.2265
Georgia,2009,2822.651737
Ghana,2009,1074.75538
Guinea,2009,674.0855502
Gambia,2009,517.525945
Guinea-Bissau,2009,557.1716148
Greece,2009,29710.9703
Grenada,2009,7290.6971
Guatemala,2009,2635.748748
Guyana,2009,2756.819889
"China, Hong Kong SAR",2009,30697.34038
Honduras,2009,1777.271169
Croatia,2009,14582.22735
Haiti,2009,672.0369979
Hungary,2009,13029.88338
Indonesia,2009,2261.247224
India,2009,1101.960919
Ireland,2009,52105.15248
Iran (Islamic Rep. of),2009,5677.888522
Iraq,2009,3853.940935
Iceland,2009,41333.41987
Israel,2009,27713.44703
Italy,2009,36976.84553
Jamaica,2009,4316.231053
Jordan,2009,3477.978798
Japan,2009,40855.17564
Kazakhstan,2009,7165.223175
Kenya,2009,905.1317861
Kyrgyzstan,2009,871.2243893
Cambodia,2009,738.0547836
Saint Kitts and Nevis,2009,15783.58386
Rep. of Korea,2009,18291.9196
Kuwait,2009,37539.25602
Lao People's Dem. Rep.,2009,948.6539323
Lebanon,2009,7371.100639
Liberia,2009,470.9476196
Libya,2009,10275.26656
Saint Lucia,2009,7425.026672
Liechtenstein,2009,126082.4926
Sri Lanka,2009,2090.401826
Lesotho,2009,890.9963833
Lithuania,2009,11837.39103
Luxembourg,2009,103198.6693
Latvia,2009,12219.37379
"China, Macao SAR",2009,40796.96183
Morocco,2009,2866.924199
Monaco,2009,154762.1994
Rep. of Moldova,2009,1525.526119
Madagascar,2009,415.6894034
Mexico,2009,8002.972106
The former Yugoslav Republic of Macedonia,2009,4544.008835
Mali,2009,698.2183825
Malta,2009,20675.58259
Myanmar,2009,734.4460067
Montenegro,2009,6727.10552
Mongolia,2009,1714.360545
Mozambique,2009,476.6034689
Mauritania,2009,1079.233931
Mauritius,2009,7318.12641
Malawi,2009,438.2120429
Malaysia,2009,7292.493044
Namibia,2009,4265.258745
Niger,2009,339.1436177
Nigeria,2009,1891.33537
Nicaragua,2009,1444.375179
Netherlands,2009,52514.02712
Norway,2009,80067.17664
Nepal,2009,478.1731816
Nauru,2009,4456.620562
New Zealand,2009,28201.23228
Oman,2009,16823.77165
Pakistan,2009,957.9956808
Panama,2009,7576.140467
Peru,2009,4196.312793
Philippines,2009,1821.523941
Palau,2009,9992.03172
Papua New Guinea,2009,1626.298983
Poland,2009,11527.59323
Portugal,2009,23063.97161
Paraguay,2009,3624.571058
Qatar,2009,59094.44494
Romania,2009,8548.118672
Russian Federation,2009,8562.813697
Rwanda,2009,549.2400411
Saudi Arabia,2009,16113.14249
Sudan,2009,1238.180845
Senegal,2009,1317.235687
Singapore,2009,38927.20688
Solomon Islands,2009,1160.301648
Sierra Leone,2009,391.2010053
El Salvador,2009,2858.478981
Somalia,2009,
Serbia and Kosovo (S/RES/1244 (1999)),2009,6169.114195
South Sudan,2009,1337.892749
Suriname,2009,7408.667674
Slovakia,2009,16512.98197
Slovenia,2009,24633.79785
Sweden,2009,46256.23794
Swaziland,2009,3385.842837
Sint Maarten (Dutch part),2009,
Seychelles,2009,9706.95606
Syrian Arab Rep.,2009,
Turks and Caicos Islands,2009,22019.65773
Chad,2009,800.4642249
Togo,2009,538.4419516
Thailand,2009,4213.001541
Tajikistan,2009,676.1234193
Turkmenistan,2009,4036.455999
Timor-Leste,2009,2978.437303
Tonga,2009,3062.533091
Trinidad and Tobago,2009,14514.14172
Tunisia,2009,4128.462783
Turkey,2009,9038.52015
United Rep. of Tanzania,2009,695.2167768
Uganda,2009,578.4230564
Ukraine,2009,2542.997136
Uruguay,2009,9451.932449
United States of America,2009,47099.98047
Uzbekistan,2009,1213.265328
Saint Vincent and the Grenadines,2009,6232.719361
Venezuela (Bolivarian Republic of),2009,11765.10018
British Virgin Islands,2009,
Vanuatu,2009,2649.618144
Samoa,2009,3039.508484
Kosovo,2009,3209.694109
Yemen,2009,1116.084594
South Africa,2009,5862.81522
Zambia,2009,1159.907762
Zimbabwe,2009,771.5987859
Aruba,2010,23512.6026
Afghanistan,2010,543.3030419
Angola,2010,3587.883798
Albania,2010,4094.358816
United Arab Emirates,2010,33893.30351
Argentina,2010,10385.96443
Armenia,2010,3218.372707
Antigua and Barbuda,2010,13092.07382
Australia,2010,52022.1256
Austria,2010,46858.04327
Azerbaijan,2010,5842.805784
Burundi,2010,234.2356469
Belgium,2010,44380.17663
Benin,2010,757.6959074
Burkina Faso,2010,575.4464527
Bangladesh,2010,781.1535936
Bulgaria,2010,6843.26695
Bahrain,2010,20722.13729
Bahamas,2010,28443.40766
Bosnia and Herzegovina,2010,4635.517779
Belarus,2010,6181.399916
Belize,2010,4331.434517
Bolivia (Plurinational State of),2010,1955.461557
Brazil,2010,11286.24302
Barbados,2010,16056.01653
Botswana,2010,6434.815657
Central African Rep.,2010,487.9453833
Canada,2010,47450.31847
Switzerland,2010,74605.72102
Chile,2010,12808.03459
China,2010,4550.453596
Cote d'Ivoire,2010,1211.930285
Cameroon,2010,1285.261726
Dem. Rep. of the Congo,2010,334.0215726
Congo,2010,2809.694957
Colombia,2010,6326.549469
Costa Rica,2010,8141.913599
Caribbean small states,2010,9075.706457
Cuba,2010,5730.354775
Curacao,2010,
Cayman Islands,2010,
Cyprus,2010,30818.47993
Czech Rep.,2010,19808.07109
Germany,2010,41785.55691
Djibouti,2010,1343.26873
Dominica,2010,6967.245314
Denmark,2010,58041.39844
Dominican Rep.,2010,5568.046676
Algeria,2010,4480.785777
Ecuador,2010,4633.590358
Egypt,2010,2644.817039
Eritrea,2010,667.7441778
Spain,2010,30736.62785
Estonia,2010,14638.60482
Ethiopia,2010,341.5541149
Finland,2010,46202.41516
Fiji,2010,3652.527437
France,2010,40638.334
Micronesia,2010,2881.376141
Gabon,2010,8840.730664
United Kingdom,2010,39079.84261
Georgia,2010,3073.524753
Ghana,2010,1298.436952
Guinea,2010,672.4244026
Gambia,2010,530.7876934
Guinea-Bissau,2010,557.6321326
Greece,2010,26917.75898
Grenada,2010,7257.756622
Guatemala,2010,2825.519029
Guyana,2010,3033.247725
"China, Hong Kong SAR",2010,32549.99823
Honduras,2010,1891.157395
Croatia,2010,13937.14227
Haiti,2010,665.6274195
Hungary,2010,13092.23376
Indonesia,2010,3122.362815
India,2010,1357.563701
Ireland,2010,48715.17686
Iran (Islamic Rep. of),2010,6603.212269
Iraq,2010,4657.280426
Iceland,2010,43024.92384
Israel,2010,30659.12775
Italy,2010,35849.3732
Jamaica,2010,4696.841894
Jordan,2010,3656.453675
Japan,2010,44507.67639
Kazakhstan,2010,9070.488253
Kenya,2010,951.6879611
Kyrgyzstan,2010,880.0377751
Cambodia,2010,785.5022829
Saint Kitts and Nevis,2010,15643.56682
Rep. of Korea,2010,22086.95292
Kuwait,2010,38577.38166
Lao People's Dem. Rep.,2010,1140.599205
Lebanon,2010,7756.744069
Liberia,2010,513.4456986
Libya,2010,12064.78069
Saint Lucia,2010,8037.472967
Liechtenstein,2010,141200.38
Sri Lanka,2010,2799.648876
Lesotho,2010,1183.42153
Lithuania,2010,11984.86857
Luxembourg,2010,104965.3061
Latvia,2010,11326.21947
"China, Macao SAR",2010,52253.15531
Morocco,2010,2839.925168
Monaco,2010,150585.4489
Rep. of Moldova,2010,1958.133697
Madagascar,2010,412.7309341
Mexico,2010,9271.398233
The former Yugoslav Republic of Macedonia,2010,4542.899717
Mali,2010,709.5819646
Malta,2010,21087.79469
Myanmar,2010,979.05163
Montenegro,2010,6682.281158
Mongolia,2010,2643.292914
Mozambique,2010,431.5154715
Mauritania,2010,1241.428756
Mauritius,2010,8000.376432
Malawi,2010,478.6685897
Malaysia,2010,9040.566251
Namibia,2010,5324.61704
Niger,2010,347.3430407
Nigeria,2010,2292.445156
Nicaragua,2010,1503.867544
Netherlands,2010,50950.03434
Norway,2010,87770.26684
Nepal,2010,592.4010975
Nauru,2010,4920.945499
New Zealand,2010,33692.01083
Oman,2010,19281.16563
Pakistan,2010,988.7541283
Panama,2010,8082.028459
Peru,2010,5082.354757
Philippines,2010,2124.05677
Palau,2010,10184.51685
Papua New Guinea,2010,1949.34856
Poland,2010,12599.53358
Portugal,2010,22538.65408
Paraguay,2010,4355.934939
Qatar,2010,67403.1603
Romania,2010,8209.919456
Russian Federation,2010,10674.9972
Rwanda,2010,576.049201
Saudi Arabia,2010,19262.54768
Sudan,2010,1489.876911
Senegal,2010,1278.977754
Singapore,2010,47236.96023
Solomon Islands,2010,1290.398779
Sierra Leone,2010,401.8350014
El Salvador,2010,2983.229771
Somalia,2010,
Serbia and Kosovo (S/RES/1244 (1999)),2010,5735.422857
South Sudan,2010,1654.055676
Suriname,2010,8255.796859
Slovakia,2010,16600.61359
Slovenia,2010,23437.47202
Sweden,2010,52132.91853
Swaziland,2010,4168.505062
Sint Maarten (Dutch part),2010,
Seychelles,2010,10804.68447
Syrian Arab Rep.,2010,
Turks and Caicos Islands,2010,21028.40814
Chad,2010,891.6988174
Togo,2010,533.508792
Thailand,2010,5076.342992
Tajikistan,2010,749.552711
Turkmenistan,2010,4439.200382
Timor-Leste,2010,3656.952175
Tonga,2010,3553.220614
Trinidad and Tobago,2010,16683.35538
Tunisia,2010,4141.976353
Turkey,2010,10672.38925
United Rep. of Tanzania,2010,743.4037847
Uganda,2010,622.4988457
Ukraine,2010,2965.142365
Uruguay,2010,11992.01663
United States of America,2010,48466.82338
Uzbekistan,2010,1377.08214
Saint Vincent and the Grenadines,2010,6292.789829
Venezuela (Bolivarian Republic of),2010,13825.35809
British Virgin Islands,2010,
Vanuatu,2010,2966.857116
Samoa,2010,3458.188715
Kosovo,2010,3283.510304
Yemen,2010,1334.784845
South Africa,2010,7328.593646
Zambia,2010,1489.45907
Zimbabwe,2010,948.3318545
Aruba,2011,24985.99328
Afghanistan,2011,591.1623465
Angola,2011,4615.468028
Albania,2011,4437.177794
United Arab Emirates,2011,39194.67662
Argentina,2011,12848.8642
Armenia,2011,3525.804747
Antigua and Barbuda,2011,12795.56907
Australia,2011,62517.83375
Austria,2011,51374.95841
Azerbaijan,2011,7189.691229
Burundi,2011,249.5779794
Belgium,2011,47743.78053
Benin,2011,825.9403409
Burkina Faso,2011,666.8401198
Bangladesh,2011,861.7584443
Bulgaria,2011,7813.806692
Bahrain,2011,22514.23795
Bahamas,2011,28006.37972
Bosnia and Herzegovina,2011,5092.551943
Belarus,2011,6519.230195
Belize,2011,4501.602637
Bolivia (Plurinational State of),2011,2346.33717
Brazil,2011,13245.61553
Barbados,2011,16470.3679
Botswana,2011,7617.325094
Central African Rep.,2011,551.0280576
Canada,2011,52101.79609
Switzerland,2011,88415.62806
Chile,2011,14637.24024
China,2011,5618.132491
Cote d'Ivoire,2011,1207.001398
Cameroon,2011,1403.255638
Dem. Rep. of the Congo,2011,387.0824654
Congo,2011,3282.393455
Colombia,2011,7324.383286
Costa Rica,2011,9121.931798
Caribbean small states,2011,9743.619786
Cuba,2011,6139.71933
Curacao,2011,20146.38641
Cayman Islands,2011,
Cyprus,2011,32233.64339
Czech Rep.,2011,21717.45794
Germany,2011,46810.32796
Djibouti,2011,1451.54298
Dominica,2011,7065.053067
Denmark,2011,61753.64713
Dominican Rep.,2011,5891.159025
Algeria,2011,5455.84231
Ecuador,2011,5200.55579
Egypt,2011,2791.954962
Eritrea,2011,811.3760286
Spain,2011,31835.2888
Estonia,2011,17454.84342
Ethiopia,2011,354.4795758
Finland,2011,50790.72415
Fiji,2011,4371.45751
France,2011,43790.73205
Micronesia,2011,3001.470275
Gabon,2011,10795.50058
United Kingdom,2011,41652.55709
Georgia,2011,3842.618221
Ghana,2011,1558.482133
Guinea,2011,651.1353635
Gambia,2011,486.049535
Guinea-Bissau,2011,702.7428804
Greece,2011,25916.29353
Grenada,2011,7291.058897
Guatemala,2011,3187.866203
Guyana,2011,3425.436441
"China, Hong Kong SAR",2011,35142.48793
Honduras,2011,2073.903958
Croatia,2011,14577.19889
Haiti,2011,744.2174268
Hungary,2011,14118.12263
Indonesia,2011,3643.043936
India,2011,1458.103145
Ireland,2011,51848.90973
Iran (Islamic Rep. of),2011,7818.057232
Iraq,2011,6045.495551
Iceland,2011,47516.87574
Israel,2011,33701.2131
Italy,2011,38334.68385
Jamaica,2011,5100.396955
Jordan,2011,3775.519303
Japan,2011,48167.99727
Kazakhstan,2011,11634.0019
Kenya,2011,971.633329
Kyrgyzstan,2011,1123.883168
Cambodia,2011,882.2754926
Saint Kitts and Nevis,2011,16557.69072
Rep. of Korea,2011,24079.78852
Kuwait,2011,48618.88229
Lao People's Dem. Rep.,2011,1378.361365
Lebanon,2011,7703.389472
Liberia,2011,596.8970811
Libya,2011,5554.179164
Saint Lucia,2011,8227.394082
Liechtenstein,2011,158156.5998
Sri Lanka,2011,3200.833829
Lesotho,2011,1391.341435
Lithuania,2011,14357.73523
Luxembourg,2011,115761.5077
Latvia,2011,13702.68947
"China, Macao SAR",2011,66644.38534
Morocco,2011,3046.949136
Monaco,2011,168785.9408
Rep. of Moldova,2011,2363.593749
Madagascar,2011,454.9630874
Mexico,2011,10203.42085
The former Yugoslav Republic of Macedonia,2011,5063.786986
Mali,2011,836.5098094
Malta,2011,22823.44311
Myanmar,2011,1176.242453
Montenegro,2011,7318.74469
Mongolia,2011,3757.558633
Mozambique,2011,542.8909589
Mauritania,2011,1435.635415
Mauritius,2011,9197.026972
Malawi,2011,534.9512647
Malaysia,2011,10399.37275
Namibia,2011,5753.987148
Niger,2011,374.4828645
Nigeria,2011,2520.404166
Nicaragua,2011,1655.810963
Netherlands,2011,54159.34661
Norway,2011,100711.2248
Nepal,2011,699.4293377
Nauru,2011,7227.074927
New Zealand,2011,38426.55081
Oman,2011,20896.74698
Pakistan,2011,1164.976129
Panama,2011,9358.251475
Peru,2011,5869.32308
Philippines,2011,2345.327754
Palau,2011,10889.58016
Papua New Guinea,2011,2406.897103
Poland,2011,13893.50926
Portugal,2011,23196.18375
Paraguay,2011,5322.96376
Qatar,2011,82409.58033
Romania,2011,9104.995622
Russian Federation,2011,14351.21205
Rwanda,2011,637.6284383
Saudi Arabia,2011,23745.80161
Sudan,2011,1672.103295
Senegal,2011,1371.723353
Singapore,2011,53890.42873
Solomon Islands,2011,1722.418113
Sierra Leone,2011,448.3375255
El Salvador,2011,3266.010452
Somalia,2011,
Serbia and Kosovo (S/RES/1244 (1999)),2011,6809.159804
South Sudan,2011,1813.370515
Suriname,2011,8263.172923
Slovakia,2011,18187.15744
Slovenia,2011,24985.24827
Sweden,2011,59666.07202
Swaziland,2011,4496.600777
Sint Maarten (Dutch part),2011,
Seychelles,2011,12189.09516
Syrian Arab Rep.,2011,
Turks and Caicos Islands,2011,21835.08314
Chad,2011,983.4472327
Togo,2011,586.3288415
Thailand,2011,5492.115427
Tajikistan,2011,847.3821018
Turkmenistan,2011,5649.952278
Timor-Leste,2011,5095.489043
Tonga,2011,4084.624132
Trinidad and Tobago,2011,19034.1492
Tunisia,2011,4264.674946
Turkey,2011,11335.51051
United Rep. of Tanzania,2011,781.4370143
Uganda,2011,602.6846514
Ukraine,2011,3569.757027
Uruguay,2011,14236.68119
United States of America,2011,49883.11398
Uzbekistan,2011,1564.966945
Saint Vincent and the Grenadines,2011,6242.193281
Venezuela (Bolivarian Republic of),2011,10955.34991
British Virgin Islands,2011,
Vanuatu,2011,3264.537017
Samoa,2011,3946.173084
Kosovo,2011,3736.363217
Yemen,2011,1374.621313
South Africa,2011,8007.377412
Zambia,2011,1672.94983
Zimbabwe,2011,1093.654002
Aruba,2012,24713.69805
Afghanistan,2012,641.8720338
Angola,2012,5100.095808
Albania,2012,4247.614342
United Arab Emirates,2012,40976.49971
Argentina,2012,13082.66433
Armenia,2012,3681.857456
Antigua and Barbuda,2012,13399.23795
Australia,2012,68012.1479
Austria,2012,48567.69529
Azerbaijan,2012,7496.294648
Burundi,2012,252.3589799
Belgium,2012,44826.43961
Benin,2012,837.9429209
Burkina Faso,2012,673.8215984
Bangladesh,2012,883.1050005
Bulgaria,2012,7378.02473
Bahrain,2012,23654.35139
Bahamas,2012,29485.62093
Bosnia and Herzegovina,2012,4778.636088
Belarus,2012,6940.159254
Belize,2012,4626.709615
Bolivia (Plurinational State of),2012,2609.880819
Brazil,2012,12370.0242
Barbados,2012,16412.9362
Botswana,2012,7877.79035
Central African Rep.,2012,565.8330584
Canada,2012,52542.34666
Switzerland,2012,83538.23008
Chile,2012,15351.55133
China,2012,6316.918863
Cote d'Ivoire,2012,1243.344509
Cameroon,2012,1354.623087
Dem. Rep. of the Congo,2012,424.6003861
Congo,2012,3032.667329
Colombia,2012,8042.529769
Costa Rica,2012,9913.210708
Caribbean small states,2012,10007.37115
Cuba,2012,6497.321113
Curacao,2012,20587.39736
Cayman Islands,2012,
Cyprus,2012,28984.94455
Czech Rep.,2012,19729.87051
Germany,2012,44065.24891
Djibouti,2012,1559.240651
Dominica,2012,6848.418067
Denmark,2012,58507.50805
Dominican Rep.,2012,6107.977431
Algeria,2012,5592.22191
Ecuador,2012,5682.045007
Egypt,2012,3232.648892
Eritrea,2012,
Spain,2012,28563.85904
Estonia,2012,17421.89022
Ethiopia,2012,467.0779272
Finland,2012,47415.55987
Fiji,2012,4591.555784
France,2012,40874.70351
Micronesia,2012,3120.669627
Gabon,2012,9814.038992
United Kingdom,2012,42018.72546
Georgia,2012,4249.670165
Ghana,2012,1613.286837
Guinea,2012,717.0507379
Gambia,2012,477.7012604
Guinea-Bissau,2012,616.4116862
Greece,2012,22242.68193
Grenada,2012,7444.504768
Guatemala,2012,3299.665605
Guyana,2012,3788.146749
"China, Hong Kong SAR",2012,36730.8767
Honduras,2012,2129.521698
Croatia,2012,13250.75712
Haiti,2012,769.7073834
Hungary,2012,12888.30459
Indonesia,2012,3694.348946
India,2012,1443.879529
Ireland,2012,48917.89756
Iran (Islamic Rep. of),2012,7927.647542
Iraq,2012,6836.027313
Iceland,2012,45910.0209
Israel,2012,32543.45515
Italy,2012,34814.12512
Jamaica,2012,5206.906722
Jordan,2012,3827.294451
Japan,2012,48603.47665
Kazakhstan,2012,12386.7
Kenya,2012,1136.871406
Kyrgyzstan,2012,1177.974735
Cambodia,2012,950.880346
Saint Kitts and Nevis,2012,16044.11613
Rep. of Korea,2012,24358.78218
Kuwait,2012,51978.99848
Lao People's Dem. Rep.,2012,1581.395403
Lebanon,2012,7985.854941
Liberia,2012,657.9362563
Libya,2012,13025.28139
Saint Lucia,2012,8139.892046
Liechtenstein,2012,149010.2249
Sri Lanka,2012,3350.521876
Lesotho,2012,1329.274971
Lithuania,2012,14341.18163
Luxembourg,2012,106749.0136
Latvia,2012,13822.80559
"China, Macao SAR",2012,76291.84749
Morocco,2012,2912.658275
Monaco,2012,157515.8991
Rep. of Moldova,2012,2446.725316
Madagascar,2012,443.9047493
Mexico,2012,10241.72792
The former Yugoslav Republic of Macedonia,2012,4698.141294
Mali,2012,778.6694625
Malta,2012,21931.74762
Myanmar,2012,1165.794329
Montenegro,2012,6586.721279
Mongolia,2012,4351.88692
Mozambique,2012,613.984066
Mauritania,2012,1411.35283
Mauritius,2012,9291.227619
Malawi,2012,391.5618324
Malaysia,2012,10817.44287
Namibia,2012,5930.548473
Niger,2012,390.1199097
Nigeria,2012,2746.991789
Nicaragua,2012,1760.46057
Netherlands,2012,50073.00566
Norway,2012,101668.1707
Nepal,2012,698.4664794
Nauru,2012,10101.90017
New Zealand,2012,39970.44004
Oman,2012,21923.54802
Pakistan,2012,1198.109001
Panama,2012,10722.28363
Peru,2012,6528.972218
Philippines,2012,2572.629425
Palau,2012,12168.28231
Papua New Guinea,2012,2790.699587
Poland,2012,13145.53926
Portugal,2012,20577.40264
Paraguay,2012,5183.082877
Qatar,2012,85076.14793
Romania,2012,8535.046876
Russian Federation,2012,15434.57478
Rwanda,2012,695.2740829
Saudi Arabia,2012,25243.3587
Sudan,2012,1882.24677
Senegal,2012,1330.057448
Singapore,2012,55546.48854
Solomon Islands,2012,1913.232022
Sierra Leone,2012,566.3786569
El Salvador,2012,3428.410386
Somalia,2012,
Serbia and Kosovo (S/RES/1244 (1999)),2012,6015.945228
South Sudan,2012,1025.229925
Suriname,2012,9201.008785
Slovakia,2012,17274.6423
Slovenia,2012,22532.43564
Sweden,2012,57197.19931
Swaziland,2012,4469.457324
Sint Maarten (Dutch part),2012,
Seychelles,2012,12006.68296
Syrian Arab Rep.,2012,
Turks and Caicos Islands,2012,21009.88581
Chad,2012,967.408126
Togo,2012,571.8394289
Thailand,2012,5860.58061
Tajikistan,2012,969.2964731
Turkmenistan,2012,6675.185658
Timor-Leste,2012,5879.699782
Tonga,2012,4597.742305
Trinidad and Tobago,2012,19161.95991
Tunisia,2012,4152.678587
Turkey,2012,11707.25971
United Rep. of Tanzania,2012,867.8676806
Uganda,2012,668.832462
Ukraine,2012,3855.42128
Uruguay,2012,15171.58466
United States of America,2012,51603.49726
Uzbekistan,2012,1740.468298
Saint Vincent and the Grenadines,2012,6390.314389
Venezuela (Bolivarian Republic of),2012,12985.50533
British Virgin Islands,2012,
Vanuatu,2012,3133.090209
Samoa,2012,4237.01463
Kosovo,2012,3600.673475
Yemen,2012,1446.53628
South Africa,2012,7501.40728
Zambia,2012,1763.094184
Zimbabwe,2012,1304.969802
Aruba,2013,25025.09956
Afghanistan,2013,637.1650439
Angola,2013,5254.882338
Albania,2013,4413.082887
United Arab Emirates,2013,42412.63028
Argentina,2013,13080.25473
Armenia,2013,3838.185801
Antigua and Barbuda,2013,13035.09364
Australia,2013,68150.10704
Austria,2013,50716.70871
Azerbaijan,2013,7875.756953
Burundi,2013,256.9760028
Belgium,2013,46680.38982
Benin,2013,915.3156212
Burkina Faso,2013,699.7794056
Bangladesh,2013,981.8398792
Bulgaria,2013,7646.839866
Bahrain,2013,24744.35763
Bahamas,2013,28944.78822
Bosnia and Herzegovina,2013,5131.394506
Belarus,2013,7978.872615
Belize,2013,4652.509003
Bolivia (Plurinational State of),2013,2908.200085
Brazil,2013,12300.32258
Barbados,2013,16224.28736
Botswana,2013,7224.965172
Central African Rep.,2013,382.3403002
Canada,2013,52504.6557
Switzerland,2013,85112.4644
Chile,2013,15842.94009
China,2013,7050.64592
Cote d'Ivoire,2013,1415.469277
Cameroon,2013,1465.222327
Dem. Rep. of the Congo,2013,457.9637283
Congo,2013,3047.064589
Colombia,2013,8212.667829
Costa Rica,2013,10490.08065
Caribbean small states,2013,10090.02734
Cuba,2013,6837.712892
Curacao,2013,20462.71795
Cayman Islands,2013,
Cyprus,2013,27942.30127
Czech Rep.,2013,19916.01939
Germany,2013,46530.91143
Djibouti,2013,1499.767022
Dominica,2013,7068.535745
Denmark,2013,61191.1937
Dominican Rep.,2013,6236.104369
Algeria,2013,5499.587764
Ecuador,2013,6056.330827
Egypt,2013,3264.378787
Eritrea,2013,
Spain,2013,29211.77375
Estonia,2013,19072.23852
Ethiopia,2013,499.5315721
Finland,2013,49638.07713
Fiji,2013,4840.693716
France,2013,42592.93409
Micronesia,2013,2983.597983
Gabon,2013,9680.824339
United Kingdom,2013,42938.42518
Georgia,2013,4341.435122
Ghana,2013,2378.159512
Guinea,2013,769.0039433
Gambia,2013,696.1521248
Guinea-Bissau,2013,634.482446
Greece,2013,21874.8195
Grenada,2013,7789.776381
Guatemala,2013,3452.921679
Guyana,2013,3934.865262
"China, Hong Kong SAR",2013,38403.77771
Honduras,2013,2088.097944
Croatia,2013,13665.91418
Haiti,2013,812.68869
Hungary,2013,13668.22605
Indonesia,2013,3623.911582
India,2013,1449.605912
Ireland,2013,51590.18845
Iran (Islamic Rep. of),2013,6111.440608
Iraq,2013,7076.87718
Iceland,2013,49522.23697
Israel,2013,36344.31551
Italy,2013,35370.27526
Jamaica,2013,4964.832794
Jordan,2013,3952.340311
Japan,2013,40454.44746
Kazakhstan,2013,13890.63177
Kenya,2013,1210.388014
Kyrgyzstan,2013,1282.437162
Cambodia,2013,1013.420401
Saint Kitts and Nevis,2013,16878.19046
Rep. of Korea,2013,25890.01867
Kuwait,2013,49388.1094
Lao People's Dem. Rep.,2013,1825.665113
Lebanon,2013,7923.851717
Liberia,2013,721.9300554
Libya,2013,10363.78949
Saint Lucia,2013,8343.795374
Liechtenstein,2013,173058.3174
Sri Lanka,2013,3610.289363
Lesotho,2013,1245.247919
Lithuania,2013,15693.78673
Luxembourg,2013,113625.1329
Latvia,2013,15032.28201
"China, Macao SAR",2013,89287.45402
Morocco,2013,3121.681176
Monaco,2013,177593.3519
Rep. of Moldova,2013,2668.683032
Madagascar,2013,461.7209205
Mexico,2013,10725.18332
The former Yugoslav Republic of Macedonia,2013,5210.67583
Mali,2013,805.2596685
Malta,2013,23830.93706
Myanmar,2013,1162.33144
Montenegro,2013,7186.431924
Mongolia,2013,4366.075901
Mozambique,2013,626.6977558
Mauritania,2013,1477.361539
Mauritius,2013,9637.00265
Malawi,2013,348.4302696
Malaysia,2013,10970.12328
Namibia,2013,5694.082634
Niger,2013,414.3886131
Nigeria,2013,2998.072843
Nicaragua,2013,1811.638036
Netherlands,2013,52184.06185
Norway,2013,103059.2482
Nepal,2013,715.923743
Nauru,2013,10038.9491
New Zealand,2013,42949.14223
Oman,2013,20926.55405
Pakistan,2013,1208.90431
Panama,2013,11889.12763
Peru,2013,6756.752769
Philippines,2013,2749.386636
Palau,2013,12799.36953
Papua New Guinea,2013,2729.875551
Poland,2013,13781.06261
Portugal,2013,21618.73534
Paraguay,2013,5926.832863
Qatar,2013,85050.91097
Romania,2013,9555.244217
Russian Federation,2013,16007.08999
Rwanda,2013,704.9801594
Saudi Arabia,2013,24844.74437
Sudan,2013,1943.916458
Senegal,2013,1375.678754
Singapore,2013,56967.42579
Solomon Islands,2013,1977.451411
Sierra Leone,2013,716.8353047
El Salvador,2013,3509.531493
Somalia,2013,257.8287515
Serbia and Kosovo (S/RES/1244 (1999)),2013,6755.073511
South Sudan,2013,1280.307197
Suriname,2013,9402.233137
Slovakia,2013,18191.61279
Slovenia,2013,23357.9392
Sweden,2013,60347.68749
Swaziland,2013,4196.309733
Sint Maarten (Dutch part),2013,
Seychelles,2013,14765.67398
Syrian Arab Rep.,2013,
Turks and Caicos Islands,2013,21328.97901
Chad,2013,979.5339592
Togo,2013,621.2222598
Thailand,2013,6168.264895
Tajikistan,2013,1048.227293
Turkmenistan,2013,7304.287132
Timor-Leste,2013,4888.317123
Tonga,2013,4428.566481
Trinidad and Tobago,2013,20026.78753
Tunisia,2013,4222.703245
Turkey,2013,12519.39143
United Rep. of Tanzania,2013,970.4169384
Uganda,2013,689.1548142
Ukraine,2013,4029.715504
Uruguay,2013,16973.67421
United States of America,2013,53106.90977
Uzbekistan,2013,1907.561704
Saint Vincent and the Grenadines,2013,6639.621791
Venezuela (Bolivarian Republic of),2013,12456.71245
British Virgin Islands,2013,
Vanuatu,2013,3124.233078
Samoa,2013,4219.909738
Kosovo,2013,3876.958302
Yemen,2013,1607.152275
South Africa,2013,6829.020465
Zambia,2013,1878.903489
Zimbabwe,2013,1430.000818
Aruba,2014,25533.56978
Afghanistan,2014,613.8563329
Angola,2014,5408.410496
Albania,2014,4578.667934
United Arab Emirates,2014,43751.83889
Argentina,2014,12334.79825
Armenia,2014,3986.231624
Antigua and Barbuda,2014,13780.78237
Australia,2014,62510.79117
Austria,2014,51717.49594
Azerbaijan,2014,7891.313147
Burundi,2014,274.8579479
Belgium,2014,47355.31201
Benin,2014,943.6746492
Burkina Faso,2014,703.8200556
Bangladesh,2014,1118.853663
Bulgaria,2014,7864.760672
Bahrain,2014,24989.40012
Bahamas,2014,29563.74635
Bosnia and Herzegovina,2014,5329.635045
Belarus,2014,8318.51269
Belize,2014,4790.941262
Bolivia (Plurinational State of),2014,3081.878834
Brazil,2014,12112.5903
Barbados,2014,16179.58396
Botswana,2014,7780.638385
Central African Rep.,2014,426.6845621
Canada,2014,50835.51118
Switzerland,2014,86605.56338
Chile,2014,14670.99718
China,2014,7651.366044
Cote d'Ivoire,2014,1559.386652
Cameroon,2014,1540.568182
Dem. Rep. of the Congo,2014,486.7870819
Congo,2014,2992.931349
Colombia,2014,8114.084264
Costa Rica,2014,10547.15185
Caribbean small states,2014,10149.19712
Cuba,2014,7133.342095
Curacao,2014,20258.00969
Cayman Islands,2014,
Cyprus,2014,27407.15286
Czech Rep.,2014,19744.55861
Germany,2014,48142.8272
Djibouti,2014,1619.05148
Dominica,2014,7364.996522
Denmark,2014,62548.98473
Dominican Rep.,2014,6499.149883
Algeria,2014,5493.056772
Ecuador,2014,6377.09153
Egypt,2014,3378.831358
Eritrea,2014,
Spain,2014,29623.16445
Estonia,2014,20247.1993
Ethiopia,2014,566.9264665
Finland,2014,49914.61864
Fiji,2014,5605.570356
France,2014,43008.64738
Micronesia,2014,2959.620647
Gabon,2014,9650.574376
United Kingdom,2014,46967.66814
Georgia,2014,4438.687497
Ghana,2014,1968.858263
Guinea,2014,787.2380702
Gambia,2014,622.054103
Guinea-Bissau,2014,622.4817167
Greece,2014,21760.9798
Grenada,2014,8369.886755
Guatemala,2014,3687.836951
Guyana,2014,4031.600662
"China, Hong Kong SAR",2014,40315.28556
Honduras,2014,2190.650715
Croatia,2014,13609.49731
Haiti,2014,831.9598193
Hungary,2014,14197.837
Indonesia,2014,3491.624791
India,2014,1573.881492
Ireland,2014,55492.98268
Iran (Islamic Rep. of),2014,5608.602512
Iraq,2014,6818.804621
Iceland,2014,54242.05468
Israel,2014,37733.59292
Italy,2014,35396.66572
Jamaica,2014,4817.925925
Jordan,2014,4047.553142
Japan,2014,38109.41211
Kazakhstan,2014,12807.26069
Kenya,2014,1315.804535
Kyrgyzstan,2014,1279.769783
Cambodia,2014,1093.496191
Saint Kitts and Nevis,2014,18057.61531
Rep. of Korea,2014,27811.36638
Kuwait,2014,44062.3051
Lao People's Dem. Rep.,2014,1998.335215
Lebanon,2014,7712.062848
Liberia,2014,721.1827948
Libya,2014,6466.91027
Saint Lucia,2014,8650.818281
Liechtenstein,2014,178845.631
Sri Lanka,2014,3819.25353
Lesotho,2014,1279.494446
Lithuania,2014,16545.12267
Luxembourg,2014,118823.6484
Latvia,2014,15716.36907
"China, Macao SAR",2014,93777.1068
Morocco,2014,3171.699192
Monaco,2014,189170.8957
Rep. of Moldova,2014,2674.116332
Madagascar,2014,452.4615431
Mexico,2014,10922.37605
The former Yugoslav Republic of Macedonia,2014,5468.480869
Mali,2014,847.1502669
Malta,2014,25961.32788
Myanmar,2014,1251.820765
Montenegro,2014,7378.345289
Mongolia,2014,4158.525715
Mozambique,2014,645.2488803
Mauritania,2014,1366.808962
Mauritius,2014,10153.93822
Malawi,2014,371.2697496
Malaysia,2014,11319.07976
Namibia,2014,5624.135341
Niger,2014,427.737226
Nigeria,2014,3222.693537
Nicaragua,2014,1934.064011
Netherlands,2014,52830.17423
Norway,2014,97199.9191
Nepal,2014,743.4133813
Nauru,2014,9872.032592
New Zealand,2014,44533.78309
Oman,2014,20131.9813
Pakistan,2014,1251.164104
Panama,2014,12796.07004
Peru,2014,6679.341948
Philippines,2014,2831.316667
Palau,2014,13938.22194
Papua New Guinea,2014,2920.774825
Poland,2014,14347.91458
Portugal,2014,22077.53613
Paraguay,2014,6102.943233
Qatar,2014,83858.52838
Romania,2014,10026.97358
Russian Federation,2014,14100.7291
Rwanda,2014,723.281841
Saudi Arabia,2014,24463.90316
Sudan,2014,2163.155898
Senegal,2014,1394.794743
Singapore,2014,57562.53079
Solomon Islands,2014,1996.781176
Sierra Leone,2014,714.7007124
El Salvador,2014,3589.040604
Somalia,2014,248.8449505
Serbia and Kosovo (S/RES/1244 (1999)),2014,6600.05665
South Sudan,2014,1258.378127
Suriname,2014,9472.0076
Slovakia,2014,18629.77966
Slovenia,2014,24194.97435
Sweden,2014,59241.60638
Swaziland,2014,3997.451936
Sint Maarten (Dutch part),2014,
Seychelles,2014,14700.33434
Syrian Arab Rep.,2014,
Turks and Caicos Islands,2014,23296.33691
Chad,2014,1018.930956
Togo,2014,640.0816111
Thailand,2014,5951.883702
Tajikistan,2014,1104.171689
Turkmenistan,2014,7962.239098
Timor-Leste,2014,3441.650571
Tonga,2014,4393.940811
Trinidad and Tobago,2014,20169.65301
Tunisia,2014,4305.474165
Turkey,2014,12095.85457
United Rep. of Tanzania,2014,1030.092917
Uganda,2014,739.373927
Ukraine,2014,3104.658296
Uruguay,2014,16831.97294
United States of America,2014,55032.958
Uzbekistan,2014,2492.336643
Saint Vincent and the Grenadines,2014,6684.803622
Venezuela (Bolivarian Republic of),2014,16054.49051
British Virgin Islands,2014,
Vanuatu,2014,3088.258303
Samoa,2014,4188.733679
Kosovo,2014,4054.721339
Yemen,2014,1674.002766
South Africa,2014,6428.293579
Zambia,2014,1763.056239
Zimbabwe,2014,1434.89934
Aruba,2015,25796.38025
Afghanistan,2015,578.4663529
Angola,2015,4166.979684
Albania,2015,3952.830781
United Arab Emirates,2015,38663.38381
Argentina,2015,13789.06042
Armenia,2015,3607.296697
Antigua and Barbuda,2015,14526.58808
Australia,2015,56748.42026
Austria,2015,44176.67174
Azerbaijan,2015,5500.320497
Burundi,2015,305.5497728
Belgium,2015,40441.05204
Benin,2015,783.9630778
Burkina Faso,2015,575.3144542
Bangladesh,2015,1248.453398
Bulgaria,2015,6993.783483
Bahrain,2015,22688.9444
Bahamas,2015,31512.85655
Bosnia and Herzegovina,2015,4727.277546
Belarus,2015,5949.106307
Belize,2015,4883.179011
Bolivia (Plurinational State of),2015,3035.972215
Brazil,2015,8814.000987
Barbados,2015,16066.4718
Botswana,2015,6799.875234
Central African Rep.,2015,380.4042935
Canada,2015,43495.05439
Switzerland,2015,82081.59712
Chile,2015,13574.1715
China,2015,8033.388043
Cote d'Ivoire,2015,1426.457845
Cameroon,2015,1326.969277
Dem. Rep. of the Congo,2015,497.3169608
Congo,2015,1761.32357
Colombia,2015,6175.87603
Costa Rica,2015,11299.13618
Caribbean small states,2015,9916.666674
Cuba,2015,7694.01192
Curacao,2015,19951.3279
Cayman Islands,2015,
Cyprus,2015,23217.48415
Czech Rep.,2015,17715.61685
Germany,2015,41394.65816
Djibouti,2015,1787.4775
Dominica,2015,7597.750446
Denmark,2015,53254.856
Dominican Rep.,2015,6691.71692
Algeria,2015,4177.888966
Ecuador,2015,6124.491643
Egypt,2015,3598.970948
Eritrea,2015,
Spain,2015,25817.38661
Estonia,2015,17412.44867
Ethiopia,2015,639.3043597
Finland,2015,42494.65662
Fiji,2015,5390.745258
France,2015,36613.37522
Micronesia,2015,2894.345011
Gabon,2015,7381.746749
United Kingdom,2015,44472.1517
Georgia,2015,3756.383768
Ghana,2015,1766.005701
Guinea,2015,769.2560137
Gambia,2015,668.3812029
Guinea-Bissau,2015,603.1585129
Greece,2015,18167.77372
Grenada,2015,9096.870646
Guatemala,2015,3923.573344
Guyana,2015,4166.134826
"China, Hong Kong SAR",2015,42431.88828
Honduras,2015,2286.200039
Croatia,2015,11780.13124
Haiti,2015,815.7282844
Hungary,2015,12503.68207
Indonesia,2015,3331.695128
India,2015,1605.605431
Ireland,2015,61995.42278
Iran (Islamic Rep. of),2015,4916.085938
Iraq,2015,4989.803075
Iceland,2015,52428.59576
Israel,2015,35855.27504
Italy,2015,30170.5166
Jamaica,2015,4892.897447
Jordan,2015,4097.411436
Japan,2015,34524.46986
Kazakhstan,2015,10510.77189
Kenya,2015,1336.883349
Kyrgyzstan,2015,1121.082835
Cambodia,2015,1162.90492
Saint Kitts and Nevis,2015,18286.31939
Rep. of Korea,2015,27105.07623
Kuwait,2015,29869.52939
Lao People's Dem. Rep.,2015,2134.704224
Lebanon,2015,7649.832611
Liberia,2015,710.3838577
Libya,2015,4337.919139
Saint Lucia,2015,9160.734157
Liechtenstein,2015,167290.94
Sri Lanka,2015,3843.780672
Lesotho,2015,1219.177853
Lithuania,2015,14291.90642
Luxembourg,2015,100428.368
Latvia,2015,13639.69412
"China, Macao SAR",2015,75340.98698
Morocco,2015,2875.257985
Monaco,2015,165920.2236
Rep. of Moldova,2015,2179.233625
Madagascar,2015,402.0883118
Mexico,2015,9605.952351
The former Yugoslav Republic of Macedonia,2015,4840.273123
Mali,2015,751.1704966
Malta,2015,24046.27535
Myanmar,2015,1133.002816
Montenegro,2015,6514.272695
Mongolia,2015,3918.579174
Mozambique,2015,547.2380939
Mauritania,2015,1194.312515
Mauritius,2015,9260.447303
Malawi,2015,380.5970331
Malaysia,2015,9799.367531
Namibia,2015,5032.889762
Niger,2015,360.8533841
Nigeria,2015,2730.430324
Nicaragua,2015,2049.851415
Netherlands,2015,45175.23189
Norway,2015,74521.56993
Nepal,2015,792.5528906
Nauru,2015,8013.14784
New Zealand,2015,38559.54704
Oman,2015,16150.88726
Pakistan,2015,1356.667731
Panama,2015,13630.30797
Peru,2015,6227.586716
Philippines,2015,2867.15199
Palau,2015,16593.48995
Papua New Guinea,2015,2679.326711
Poland,2015,12572.32185
Portugal,2015,19252.63495
Paraguay,2015,5406.703857
Qatar,2015,63039.01655
Romania,2015,8977.498544
Russian Federation,2015,9313.787542
Rwanda,2015,728.0817574
Saudi Arabia,2015,20627.93278
Sudan,2015,2486.745659
Senegal,2015,1218.764246
Singapore,2015,55646.61875
Solomon Islands,2015,1914.467926
Sierra Leone,2015,588.2284527
El Salvador,2015,3705.577946
Somalia,2015,293.4654226
Serbia and Kosovo (S/RES/1244 (1999)),2015,5585.117808
South Sudan,2015,1154.800949
Suriname,2015,8561.974179
Slovakia,2015,16182.30372
Slovenia,2015,20887.51964
Sweden,2015,50832.55271
Swaziland,2015,3641.408583
Sint Maarten (Dutch part),2015,
Seychelles,2015,14745.34146
Syrian Arab Rep.,2015,
Turks and Caicos Islands,2015,24832.59637
Chad,2015,775.7075235
Togo,2015,570.6807371
Thailand,2015,5840.046948
Tajikistan,2015,929.0958572
Turkmenistan,2015,6432.680702
Timor-Leste,2015,2585.153878
Tonga,2015,4320.63799
Trinidad and Tobago,2015,18332.49031
Tunisia,2015,3859.814436
Turkey,2015,10948.72461
United Rep. of Tanzania,2015,947.9334465
Uganda,2015,709.0210386
Ukraine,2015,2124.662666
Uruguay,2015,15613.76427
United States of America,2015,56803.47243
Uzbekistan,2015,2615.025134
Saint Vincent and the Grenadines,2015,6921.40975
Venezuela (Bolivarian Republic of),2015,
British Virgin Islands,2015,
Vanuatu,2015,2721.635936
Samoa,2015,4155.279353
Kosovo,2015,3574.543333
Yemen,2015,1608.744312
South Africa,2015,5730.934174
Zambia,2015,1332.194321
Zimbabwe,2015,1445.071062
Aruba,2016,25239.60041
Afghanistan,2016,547.2281102
Angola,2016,3506.072885
Albania,2016,4124.108543
United Arab Emirates,2016,38141.84676
Argentina,2016,12790.24247
Armenia,2016,3591.829276
Antigua and Barbuda,2016,15494.30547
Australia,2016,50019.96777
Austria,2016,45103.32981
Azerbaijan,2016,3880.738731
Burundi,2016,282.1496815
Belgium,2016,41449.09736
Benin,2016,788.5491965
Burkina Faso,2016,583.8326203
Bangladesh,2016,1401.620628
Bulgaria,2016,7469.455638
Bahrain,2016,22619.11667
Bahamas,2016,31325.29483
Bosnia and Herzegovina,2016,4994.68314
Belarus,2016,5022.626643
Belize,2016,4904.034338
Bolivia (Plurinational State of),2016,3076.658949
Brazil,2016,8712.887044
Barbados,2016,15847.14272
Botswana,2016,7243.856017
Central African Rep.,2016,406.5319611
Canada,2016,42279.90082
Switzerland,2016,80037.50304
Chile,2016,13748.0884
China,2016,8078.790474
Cote d'Ivoire,2016,1481.652305
Cameroon,2016,1363.403851
Dem. Rep. of the Congo,2016,471.3188404
Congo,2016,1814.063418
Colombia,2016,5871.223524
Costa Rica,2016,11666.45661
Caribbean small states,2016,9242.035178
Cuba,2016,8060.795886
Curacao,2016,19555.36585
Cayman Islands,2016,
Cyprus,2016,24019.13787
Czech Rep.,2016,18463.38658
Germany,2016,42443.46507
Djibouti,2016,1898.87599
Dominica,2016,8070.290917
Denmark,2016,54467.10452
Dominican Rep.,2016,6957.564507
Algeria,2016,3948.811897
Ecuador,2016,6060.093329
Egypt,2016,3525.020165
Eritrea,2016,
Spain,2016,26622.29914
Estonia,2016,18228.05825
Ethiopia,2016,716.8800387
Finland,2016,43493.41934
Fiji,2016,5647.347365
France,2016,36962.22229
Micronesia,2016,2993.200563
Gabon,2016,6979.709196
United Kingdom,2016,40539.91961
Georgia,2016,3857.281728
Ghana,2016,1931.38947
Guinea,2016,733.0207588
Gambia,2016,671.1052855
Guinea-Bissau,2016,661.0076549
Greece,2016,18116.45962
Grenada,2016,9628.347487
Guatemala,2016,4140.590064
Guyana,2016,4542.622067
"China, Hong Kong SAR",2016,43734.24999
Honduras,2016,2326.297027
Croatia,2016,12366.82154
Haiti,2016,735.7551202
Hungary,2016,12839.58454
Indonesia,2016,3562.845756
India,2016,1729.268021
Ireland,2016,63197.08237
Iran (Islamic Rep. of),2016,5265.906635
Iraq,2016,4649.468115
Iceland,2016,61757.94931
Israel,2016,37371.62691
Italy,2016,30830.92266
Jamaica,2016,4842.045011
Jordan,2016,4109.574819
Japan,2016,38794.33094
Kazakhstan,2016,7714.841844
Kenya,2016,1410.527571
Kyrgyzstan,2016,1120.666513
Cambodia,2016,1269.591257
Saint Kitts and Nevis,2016,18575.75173
Rep. of Korea,2016,27608.24743
Kuwait,2016,27653.1644
Lao People's Dem. Rep.,2016,2308.802616
Lebanon,2016,7634.946544
Liberia,2016,714.6233922
Libya,2016,4038.970683
Saint Lucia,2016,9377.886858
Liechtenstein,2016,165028.245
Sri Lanka,2016,3886.291502
Lesotho,2016,1119.719758
Lithuania,2016,14982.53305
Luxembourg,2016,101305.5277
Latvia,2016,14133.68295
"China, Macao SAR",2016,73954.95677
Morocco,2016,2897.66344
Monaco,2016,169904.1821
Rep. of Moldova,2016,2272.405707
Madagascar,2016,400.0362751
Mexico,2016,8739.142471
The former Yugoslav Republic of Macedonia,2016,5129.15896
Mali,2016,779.874933
Malta,2016,25128.93738
Myanmar,2016,1192.495338
Montenegro,2016,7028.936577
Mongolia,2016,3660.150746
Mozambique,2016,391.5528948
Mauritania,2016,1135.558646
Mauritius,2016,9681.618567
Malawi,2016,315.7773264
Malaysia,2016,9671.024717
Namibia,2016,4786.235303
Niger,2016,362.1311323
Nigeria,2016,2175.99967
Nicaragua,2016,2107.574238
Netherlands,2016,46007.85292
Norway,2016,70941.52527
Nepal,2016,777.1475955
Nauru,2016,7820.909491
New Zealand,2016,40026.8522
Oman,2016,14721.64733
Pakistan,2016,1368.454326
Panama,2016,14356.32405
Peru,2016,6205.3709
Philippines,2016,2941.21204
Palau,2016,17150.04231
Papua New Guinea,2016,2509.629007
Poland,2016,12431.57542
Portugal,2016,19977.39849
Paraguay,2016,5319.410218
Qatar,2016,57163.06099
Romania,2016,9567.097782
Russian Federation,2016,8745.375116
Rwanda,2016,726.353049
Saudi Arabia,2016,19879.29753
Sudan,2016,2398.10188
Senegal,2016,1269.040407
Singapore,2016,56724.17039
Solomon Islands,2016,1990.031497
Sierra Leone,2016,501.4157129
El Salvador,2016,3800.122181
Somalia,2016,295.9336538
Serbia and Kosovo (S/RES/1244 (1999)),2016,5756.381194
South Sudan,2016,283.4878017
Suriname,2016,5606.712075
Slovakia,2016,16544.22781
Slovenia,2016,21617.57985
Sweden,2016,51617.54035
Swaziland,2016,3426.826597
Sint Maarten (Dutch part),2016,
Seychelles,2016,15077.83902
Syrian Arab Rep.,2016,
Turks and Caicos Islands,2016,25995.17246
Chad,2016,692.9785958
Togo,2016,587.8744094
Thailand,2016,5978.611454
Tajikistan,2016,802.5180041
Turkmenistan,2016,6389.548408
Timor-Leste,2016,2053.273798
Tonga,2016,3966.15652
Trinidad and Tobago,2016,15786.12052
Tunisia,2016,3698.565075
Turkey,2016,10820.63384
United Rep. of Tanzania,2016,966.4746224
Uganda,2016,608.7057351
Ukraine,2016,2187.731997
Uruguay,2016,15387.14403
United States of America,2016,57904.20196
Uzbekistan,2016,2567.799418
Saint Vincent and the Grenadines,2016,7041.560804
Venezuela (Bolivarian Republic of),2016,
British Virgin Islands,2016,
Vanuatu,2016,2830.965284
Samoa,2016,4043.694
Kosovo,2016,3697.121677
Yemen,2016,1139.870568
South Africa,2016,5272.627749
Zambia,2016,1280.578447
Zimbabwe,2016,1464.583529
